TIME_PERIOD,SEA_LVL
1993,-3.140711031853282
1993,-3.164219031853282
1993,-3.1583590318532817
1993,-3.1337050318532818
1993,-3.1460000318532817
1993,-3.1544850318532816
1993,-3.1632360318532817
1993,-3.1711860318532814
1993,-3.1706950318532816
1993,-3.1625800318532815
1993,-3.1464860318532817
1993,-3.139812031853282
1993,-3.1609350318532816
1993,-3.1858770318532814
1993,-3.2167640318532817
1993,-3.2360690318532814
1993,-3.2366350318532815
1993,-3.233101031853282
1993,-3.2285530318532816
1993,-3.2052260318532815
1993,-3.185953031853282
1993,-3.1553030318532818
1993,-3.1098000318532817
1993,-3.0540170318532818
1993,-3.0194070318532815
1993,-2.9703940318532815
1993,-2.9034110318532815
1993,-2.8263990318532817
1993,-2.758391031853282
1993,-2.6761500318532816
1993,-2.5922710318532816
1993,-2.5222930318532817
1993,-2.4473160318532816
1993,-2.342893031853282
1993,-2.237870031853282
1993,-2.124454031853282
1993,-2.0281330318532818
1993,-1.9541710318532817
1993,-1.9083640318532815
1993,-1.8888570318532816
1993,-1.8659170318532816
1993,-1.8644200318532818
1993,-1.8733690318532816
1993,-1.8788130318532816
1993,-1.8942900318532816
1993,-1.9002800318532818
1993,-1.9058290318532816
1993,-1.9362850318532816
1993,-1.9764980318532817
1993,-2.0179840318532816
1993,-2.0480910318532817
1994,-2.089284031853282
1994,-2.1598270318532817
1994,-2.2710590318532815
1994,-2.3829770318532817
1994,-2.4692820318532815
1994,-2.5172960318532818
1994,-2.5338700318532816
1994,-2.538024031853282
1994,-2.551320031853282
1994,-2.5506790318532815
1994,-2.5317610318532817
1994,-2.4902230318532816
1994,-2.464271031853282
1994,-2.4897950318532818
1994,-2.538933031853282
1994,-2.5979420318532815
1994,-2.6741140318532817
1994,-2.7232630318532816
1994,-2.7609140318532814
1994,-2.7789050318532817
1994,-2.7940830318532814
1994,-2.819487031853282
1994,-2.819509031853282
1994,-2.8011310318532816
1994,-2.773482031853282
1994,-2.733028031853282
1994,-2.6834360318532817
1994,-2.6125790318532816
1994,-2.5481390318532817
1994,-2.471276031853282
1994,-2.3716970318532815
1994,-2.260818031853282
1994,-2.1413230318532817
1994,-2.022164031853282
1994,-1.8983370318532815
1994,-1.7883970318532816
1994,-1.6948330318532818
1994,-1.5987300318532818
1994,-1.5054290318532817
1994,-1.4287230318532818
1994,-1.3826960318532817
1994,-1.3528440318532817
1994,-1.3444570318532816
1994,-1.3473090318532817
1994,-1.3601760318532816
1994,-1.3644650318532816
1994,-1.3705150318532817
1994,-1.4039220318532817
1994,-1.4399030318532817
1994,-1.4863300318532817
1994,-1.5411950318532817
1994,-1.5545490318532817
1995,-1.5531020318532818
1995,-1.5781960318532817
1995,-1.6457020318532816
1995,-1.7368980318532816
1995,-1.8134990318532815
1995,-1.8705710318532818
1995,-1.8870760318532818
1995,-1.9002140318532816
1995,-1.9470330318532816
1995,-2.004620031853282
1995,-2.0312740318532816
1995,-2.0340830318532817
1995,-2.0310840318532817
1995,-2.049290031853282
1995,-2.094627031853282
1995,-2.1469900318532815
1995,-2.186258031853282
1995,-2.1879350318532818
1995,-2.176533031853282
1995,-2.1738660318532816
1995,-2.1808890318532814
1995,-2.2155150318532817
1995,-2.244529031853282
1995,-2.2599210318532816
1995,-2.272145031853282
1995,-2.264647031853282
1995,-2.252942031853282
1995,-2.2366790318532814
1995,-2.1959540318532818
1995,-2.1354450318532816
1995,-2.0493210318532817
1995,-1.9313780318532818
1995,-1.7740830318532816
1995,-1.5829220318532817
1995,-1.3919820318532816
1995,-1.2393120318532818
1995,-1.1093350318532818
1995,-1.0203980318532817
1995,-0.9445630318532816
1995,-0.8784920318532816
1995,-0.8311680318532817
1995,-0.8053330318532816
1995,-0.8041810318532816
1995,-0.8145400318532816
1995,-0.8359880318532817
1995,-0.8544550318532818
1995,-0.8569040318532817
1995,-0.8601030318532816
1995,-0.9353780318532816
1995,-1.0235530318532817
1995,-1.1463870318532816
1996,-1.2784200318532817
1996,-1.3049500318532816
1996,-1.3930180318532817
1996,-1.4644750318532818
1996,-1.5493990318532818
1996,-1.6188460318532816
1996,-1.6781610318532816
1996,-1.7203490318532817
1996,-1.7260300318532815
1996,-1.7636760318532816
1996,-1.8522630318532816
1996,-1.9401830318532816
1996,-2.0381520318532815
1996,-2.1268290318532816
1996,-2.1882540318532815
1996,-2.228755031853282
1996,-2.2540580318532815
1996,-2.3094720318532818
1996,-2.3340010318532816
1996,-2.3396670318532817
1996,-2.3497380318532817
1996,-2.358387031853282
1996,-2.3465950318532816
1996,-2.326092031853282
1996,-2.2768650318532817
1996,-2.207084031853282
1996,-2.132387031853282
1996,-2.0636770318532816
1996,-1.9900140318532817
1996,-1.9028810318532816
1996,-1.8338580318532816
1996,-1.7699430318532816
1996,-1.7062870318532817
1996,-1.6273020318532816
1996,-1.5356350318532817
1996,-1.4329930318532818
1996,-1.3230550318532817
1996,-1.2047140318532816
1996,-1.0775090318532816
1996,-0.9168400318532817
1996,-0.7496660318532817
1996,-0.6208150318532817
1996,-0.5543470318532817
1996,-0.5777360318532816
1996,-0.6298290318532818
1996,-0.6948710318532816
1996,-0.8031710318532816
1996,-0.9284210318532817
1996,-1.0625550318532817
1996,-1.1606090318532816
1996,-1.2927050318532816
1996,-1.3983190318532817
1996,-1.4621710318532817
1997,-1.5820640318532817
1997,-1.5999390318532816
1997,-1.6259710318532816
1997,-1.6527790318532816
1997,-1.6791360318532815
1997,-1.7175130318532816
1997,-1.7772990318532815
1997,-1.8214070318532816
1997,-1.8687750318532816
1997,-1.9128020318532817
1997,-1.9751120318532815
1997,-2.0186470318532814
1997,-2.0610440318532817
1997,-2.0712140318532817
1997,-2.0736500318532816
1997,-2.066138031853282
1997,-2.0628640318532816
1997,-2.0528470318532817
1997,-2.0450740318532814
1997,-2.025373031853282
1997,-1.9992380318532816
1997,-1.9671170318532818
1997,-1.9331780318532816
1997,-1.8873210318532818
1997,-1.8255860318532817
1997,-1.7666780318532815
1997,-1.7010500318532817
1997,-1.6167840318532816
1997,-1.5045240318532818
1997,-1.3791080318532816
1997,-1.2448300318532817
1997,-1.1062660318532818
1997,-0.9688810318532817
1997,-0.8398780318532817
1997,-0.7412130318532817
1997,-0.6413780318532818
1997,-0.5427770318532819
1997,-0.4504200318532816
1997,-0.36391103185328166
1997,-0.29090103185328164
1997,-0.2715400318532817
1997,-0.3128550318532817
1997,-0.3852590318532818
1997,-0.4571720318532817
1997,-0.5337560318532817
1997,-0.6170550318532815
1997,-0.7122830318532816
1997,-0.8112880318532816
1997,-0.9221610318532816
1997,-1.0181400318532816
1997,-1.0731450318532816
1997,-1.1129100318532816
1998,-1.1404990318532817
1998,-1.1591870318532818
1998,-1.1936420318532817
1998,-1.2244700318532817
1998,-1.2699150318532817
1998,-1.3078970318532817
1998,-1.3395320318532817
1998,-1.3905150318532817
1998,-1.4580200318532817
1998,-1.5124270318532818
1998,-1.5575530318532818
1998,-1.5840560318532817
1998,-1.6165030318532816
1998,-1.6507940318532817
1998,-1.7123050318532815
1998,-1.7984470318532817
1998,-1.8758860318532817
1998,-1.9307810318532816
1998,-1.9742450318532816
1998,-2.0061440318532817
1998,-2.0223620318532816
1998,-2.0210800318532818
1998,-2.0060150318532814
1998,-1.9831440318532816
1998,-1.9543000318532817
1998,-1.9242960318532818
1998,-1.8709460318532818
1998,-1.8103000318532816
1998,-1.7512720318532815
1998,-1.6974220318532818
1998,-1.6263940318532817
1998,-1.5526990318532816
1998,-1.4702600318532817
1998,-1.3845030318532816
1998,-1.3040610318532817
1998,-1.2299570318532818
1998,-1.1665090318532816
1998,-1.1005630318532817
1998,-1.0256770318532817
1998,-0.9875100318532817
1998,-0.9838450318532816
1998,-0.9991910318532817
1998,-1.0203380318532818
1998,-1.0241840318532818
1998,-1.0190120318532816
1998,-1.0118810318532816
1998,-1.0276030318532816
1998,-1.0829000318532818
1998,-1.1464990318532817
1998,-1.1969730318532816
1998,-1.2480210318532816
1998,-1.3109790318532817
1999,-1.3696180318532816
1999,-1.4188540318532816
1999,-1.4258280318532817
1999,-1.4423040318532816
1999,-1.4780030318532817
1999,-1.5251140318532816
1999,-1.5733170318532816
1999,-1.5849350318532818
1999,-1.5645880318532817
1999,-1.5479030318532816
1999,-1.5697150318532818
1999,-1.6497320318532818
1999,-1.7142520318532817
1999,-1.7520010318532817
1999,-1.7715860318532817
1999,-1.7932250318532816
1999,-1.8367390318532817
1999,-1.8740560318532817
1999,-1.9068560318532817
1999,-1.9365880318532818
1999,-1.9434810318532816
1999,-1.9523230318532816
1999,-1.9564660318532816
1999,-1.9458760318532815
1999,-1.9172560318532816
1999,-1.8689670318532816
1999,-1.8106440318532817
1999,-1.7416070318532817
1999,-1.6497210318532816
1999,-1.5566050318532816
1999,-1.4426760318532816
1999,-1.3506140318532818
1999,-1.2531310318532816
1999,-1.1356320318532818
1999,-0.9930080318532817
1999,-0.8455280318532816
1999,-0.6955400318532816
1999,-0.5668380318532815
1999,-0.4549290318532817
1999,-0.3921830318532815
1999,-0.3252270318532817
1999,-0.2706010318532819
1999,-0.2393720318532817
1999,-0.23721303185328146
1999,-0.24044103185328147
1999,-0.27144703185328156
1999,-0.28609403185328164
1999,-0.31826403185328145
1999,-0.3620590318532817
1999,-0.3936940318532818
1999,-0.42204503185328157
1999,-0.4398930318532819
2000,-0.46232803185328164
2000,-0.5293980318532818
2000,-0.6069510318532818
2000,-0.6968880318532817
2000,-0.7788100318532816
2000,-0.8396700318532817
2000,-0.8893650318532818
2000,-0.9308400318532817
2000,-0.9893080318532816
2000,-1.0479320318532817
2000,-1.1009170318532817
2000,-1.1489690318532817
2000,-1.2055500318532817
2000,-1.2612600318532816
2000,-1.3044270318532816
2000,-1.3563960318532817
2000,-1.3963540318532817
2000,-1.4158460318532817
2000,-1.4346560318532817
2000,-1.4446380318532817
2000,-1.4613880318532817
2000,-1.4731850318532818
2000,-1.4644680318532817
2000,-1.4357790318532817
2000,-1.3986570318532816
2000,-1.3787400318532816
2000,-1.3655180318532816
2000,-1.3268110318532818
2000,-1.2589650318532817
2000,-1.1752520318532818
2000,-1.0935200318532816
2000,-1.0347770318532816
2000,-0.9600530318532816
2000,-0.8470050318532816
2000,-0.6996820318532817
2000,-0.5451610318532816
2000,-0.41153903185328167
2000,-0.3083400318532816
2000,-0.22808203185328146
2000,-0.14765003185328185
2000,-0.03593403185328148
2000,0.05169296814671842
2000,0.11408396814671828
2000,0.12905996814671816
2000,0.10039296814671816
2000,0.04172596814671836
2000,-0.01761203185328153
2000,-0.0551620318532815
2000,-0.050131031853281716
2000,-0.07640203185328165
2000,-0.10925203185328147
2000,-0.1697750318532818
2001,-0.3097440318532816
2001,-0.35940903185328166
2001,-0.40773603185328167
2001,-0.45920503185328165
2001,-0.49088203185328183
2001,-0.5397980318532816
2001,-0.6030030318532815
2001,-0.6698350318532817
2001,-0.7112660318532817
2001,-0.7319580318532817
2001,-0.7544650318532817
2001,-0.7760460318532816
2001,-0.7988680318532817
2001,-0.8352580318532816
2001,-0.8793710318532817
2001,-0.9003130318532817
2001,-0.9076930318532817
2001,-0.9179840318532817
2001,-0.9593120318532817
2001,-1.0001510318532816
2001,-1.0047200318532816
2001,-0.9721130318532816
2001,-0.9129180318532817
2001,-0.8440410318532816
2001,-0.7847320318532818
2001,-0.7231790318532816
2001,-0.6478040318532816
2001,-0.5494690318532816
2001,-0.4455190318532818
2001,-0.3741290318532817
2001,-0.3240030318532816
2001,-0.2556640318532817
2001,-0.16905903185328164
2001,-0.05594803185328168
2001,0.06337296814671856
2001,0.16727096814671816
2001,0.25229496814671837
2001,0.3297879681467184
2001,0.4059679681467183
2001,0.49649196814671814
2001,0.5800599681467182
2001,0.6360599681467183
2001,0.6443769681467182
2001,0.6112609681467185
2001,0.5562299681467184
2001,0.5556569681467183
2001,0.5000139681467184
2001,0.47342896814671853
2001,0.41735496814671835
2001,0.17698496814671838
2001,0.05605296814671812
2002,-0.03386003185328157
2002,-0.10129803185328168
2002,-0.12425503185328157
2002,-0.13908403185328178
2002,-0.16580503185328155
2002,-0.2134390318532815
2002,-0.2688150318532818
2002,-0.30817103185328154
2002,-0.3651370318532816
2002,-0.42239903185328176
2002,-0.48647803185328176
2002,-0.5524920318532818
2002,-0.6328120318532817
2002,-0.6984150318532816
2002,-0.7305630318532816
2002,-0.7578860318532816
2002,-0.7937620318532816
2002,-0.8218660318532816
2002,-0.8469070318532816
2002,-0.8598800318532818
2002,-0.8442420318532817
2002,-0.8017010318532816
2002,-0.7705930318532817
2002,-0.7414160318532816
2002,-0.7011340318532817
2002,-0.6289250318532815
2002,-0.5176930318532817
2002,-0.3949620318532818
2002,-0.2655430318532819
2002,-0.1568070318532815
2002,-0.06363403185328176
2002,0.016119968146718122
2002,0.10712396814671843
2002,0.2085069681467182
2002,0.29010096814671815
2002,0.3422279681467182
2002,0.40357596814671837
2002,0.4731159681467183
2002,0.5653399681467182
2002,0.6344879681467184
2002,0.6798839681467181
2002,0.7003309681467185
2002,0.7089309681467184
2002,0.7270509681467185
2002,0.7360249681467184
2002,0.7124669681467184
2002,0.6691189681467185
2002,0.6034859681467184
2002,0.5436009681467184
2002,0.5011749681467181
2002,0.4384899681467185
2002,0.37600896814671847
2002,0.3288259681467185
2003,0.30390196814671855
2003,0.28275696814671836
2003,0.2523619681467184
2003,0.19477396814671843
2003,0.1348439681467184
2003,0.07966396814671839
2003,0.04403196814671828
2003,0.001766968146718284
2003,-0.04891803185328181
2003,-0.1114720318532818
2003,-0.16642403185328147
2003,-0.22947803185328164
2003,-0.2697120318532815
2003,-0.29586203185328186
2003,-0.3088050318532818
2003,-0.31985003185328154
2003,-0.32224503185328146
2003,-0.3469760318532815
2003,-0.37044703185328176
2003,-0.39158503185328186
2003,-0.3879410318532819
2003,-0.37873603185328175
2003,-0.3861650318532819
2003,-0.38982803185328185
2003,-0.3814600318532815
2003,-0.36559303185328185
2003,-0.3116560318532815
2003,-0.2565110318532815
2003,-0.17470303185328184
2003,-0.07461603185328158
2003,0.04351296814671812
2003,0.18551396814671817
2003,0.3188389681467183
2003,0.44220696814671845
2003,0.5737739681467184
2003,0.6980849681467185
2003,0.8170029681467184
2003,0.9167399681467185
2003,1.0042299681467184
2003,1.0595169681467183
2003,1.0691609681467185
2003,1.0835929681467182
2003,1.1145519681467184
2003,1.0983379681467182
2003,1.0712169681467185
2003,1.0504509681467185
2003,0.8905109681467183
2003,0.7995879681467182
2003,0.7444419681467185
2003,0.6965859681467181
2003,0.6680279681467183
2004,0.6033749681467184
2004,0.5148369681467182
2004,0.41229696814671835
2004,0.3432589681467184
2004,0.30943496814671834
2004,0.26590296814671843
2004,0.1944249681467185
2004,0.13655796814671817
2004,0.1114739681467185
2004,0.07816496814671847
2004,0.06169196814671851
2004,0.04708696814671853
2004,0.03168496814671817
2004,-0.024465031853281527
2004,-0.0841690318532815
2004,-0.1173680318532817
2004,-0.17907403185328175
2004,-0.2441440318532817
2004,-0.27896703185328153
2004,-0.30106703185328154
2004,-0.30563403185328175
2004,-0.3031920318532815
2004,-0.26523503185328146
2004,-0.21420803185328152
2004,-0.1657260318532816
2004,-0.11321803185328161
2004,-0.06271603185328178
2004,0.002958968146718366
2004,0.09583996814671814
2004,0.19418396814671812
2004,0.2780049681467185
2004,0.3646289681467185
2004,0.4706289681467184
2004,0.5908959681467185
2004,0.7169819681467184
2004,0.8327679681467184
2004,0.9451499681467181
2004,1.0224869681467181
2004,1.0680839681467185
2004,1.1096029681467185
2004,1.1321969681467183
2004,1.1361679681467183
2004,1.1151349681467182
2004,1.0927709681467181
2004,1.0815059681467183
2004,1.0482099681467183
2004,1.0028379681467183
2004,0.9793459681467183
2004,0.9662839681467181
2004,0.9372489681467182
2004,0.8792129681467182
2004,0.8280269681467183
2005,0.7589809681467181
2005,0.7308459681467183
2005,0.6980669681467182
2005,0.6430539681467184
2005,0.6286959681467184
2005,0.6094019681467184
2005,0.6065509681467183
2005,0.5822129681467185
2005,0.5206239681467184
2005,0.46254796814671817
2005,0.4034189681467182
2005,0.3532119681467183
2005,0.31162596814671817
2005,0.2698129681467183
2005,0.21375096814671846
2005,0.18859696814671834
2005,0.19819996814671814
2005,0.22041896814671835
2005,0.23385296814671852
2005,0.23523696814671835
2005,0.24398796814671853
2005,0.24998096814671822
2005,0.26707096814671827
2005,0.2918049681467183
2005,0.3087579681467183
2005,0.3424009681467184
2005,0.3970909681467183
2005,0.4432129681467183
2005,0.49783496814671846
2005,0.5597709681467182
2005,0.6498079681467184
2005,0.7461739681467185
2005,0.8521919681467183
2005,0.9523139681467185
2005,0.9909479681467181
2005,1.0858149681467184
2005,1.1851229681467181
2005,1.2851739681467182
2005,1.436668968146718
2005,1.4988299681467185
2005,1.5661729681467187
2005,1.634322968146718
2005,1.6475749681467184
2005,1.6440479681467184
2005,1.6358579681467185
2005,1.6263759681467183
2005,1.607310968146718
2005,1.5762409681467182
2005,1.5100509681467185
2005,1.4015079681467184
2005,1.2785459681467182
2006,1.1804029681467183
2006,1.0887519681467182
2006,0.9895559681467185
2006,0.8859959681467182
2006,0.7974639681467184
2006,0.7213229681467181
2006,0.6536819681467185
2006,0.5969789681467184
2006,0.5502699681467185
2006,0.49726396814671814
2006,0.4554429681467185
2006,0.4375999681467184
2006,0.4103689681467184
2006,0.3826599681467182
2006,0.3581269681467183
2006,0.36364296814671837
2006,0.37601296814671814
2006,0.38108996814671814
2006,0.37906196814671844
2006,0.3859229681467182
2006,0.39391296814671817
2006,0.42210796814671836
2006,0.47235196814671854
2006,0.5257209681467185
2006,0.5616579681467182
2006,0.6162199681467184
2006,0.6809819681467184
2006,0.7348579681467182
2006,0.7784919681467182
2006,0.8165889681467182
2006,0.8908619681467185
2006,0.9643599681467183
2006,1.0654919681467185
2006,1.1830679681467182
2006,1.2892219681467183
2006,1.3654149681467183
2006,1.470873968146718
2006,1.5973259681467185
2006,1.731452968146718
2006,1.820316968146718
2006,1.8703479681467186
2006,1.891248968146718
2006,1.845161968146718
2006,1.7779449681467185
2006,1.621531968146718
2006,1.5205749681467187
2006,1.4141129681467182
2006,1.3824599681467187
2006,1.3445069681467188
2006,1.2876479681467181
2007,1.2154239681467183
2007,1.1375199681467185
2007,1.0445509681467184
2007,0.9575979681467182
2007,0.8879059681467183
2007,0.8484329681467182
2007,0.8173379681467186
2007,0.7826199681467183
2007,0.7452659681467182
2007,0.7354209681467183
2007,0.7438129681467185
2007,0.7658169681467184
2007,0.7831519681467185
2007,0.7847499681467185
2007,0.7485669681467182
2007,0.7080929681467185
2007,0.6992019681467183
2007,0.6834399681467183
2007,0.6549599681467182
2007,0.6098579681467182
2007,0.5617869681467185
2007,0.5422579681467181
2007,0.5445309681467183
2007,0.5505119681467185
2007,0.5674179681467182
2007,0.5713089681467185
2007,0.5921239681467183
2007,0.6350709681467182
2007,0.7026319681467181
2007,0.7876819681467184
2007,0.8554389681467183
2007,0.9097639681467182
2007,0.9802299681467184
2007,1.0658969681467183
2007,1.1688439681467182
2007,1.2656799681467183
2007,1.361492968146718
2007,1.4433439681467184
2007,1.5041979681467184
2007,1.5659699681467187
2007,1.6306259681467181
2007,1.705325968146718
2007,1.774934968146718
2007,1.8245349681467187
2007,1.8554769681467183
2007,1.8569859681467187
2007,1.8249339681467185
2007,1.785374968146718
2007,1.736758968146718
2007,1.6900589681467184
2007,1.6209949681467184
2007,1.5297979681467182
2008,1.4350179681467181
2008,1.3440129681467181
2008,1.2627339681467182
2008,1.2145029681467183
2008,1.1658829681467182
2008,1.1139589681467181
2008,1.0682569681467182
2008,1.0411859681467184
2008,1.0112659681467182
2008,0.9755279681467184
2008,0.9351389681467182
2008,0.9264779681467181
2008,0.9020909681467182
2008,0.8886159681467185
2008,0.8755729681467184
2008,0.8923499681467182
2008,0.8940099681467184
2008,0.9046489681467182
2008,0.9240429681467184
2008,0.9482409681467185
2008,0.9682469681467185
2008,1.0065539681467182
2008,1.0487709681467186
2008,1.1015119681467183
2008,1.1136739681467183
2008,1.1296479681467182
2008,1.1516799681467185
2008,1.1795009681467183
2008,1.2359339681467185
2008,1.2931689681467184
2008,1.3413669681467186
2008,1.4127629681467186
2008,1.4689569681467183
2008,1.5257189681467183
2008,1.5879129681467181
2008,1.6660189681467181
2008,1.761705968146718
2008,1.8418349681467183
2008,1.9192259681467188
2008,1.976998968146718
2008,2.0073759681467185
2008,2.0534869681467183
2008,2.1052429681467184
2008,2.1618929681467187
2008,2.2114869681467186
2008,2.2155769681467183
2008,2.200471968146718
2008,2.1497489681467186
2008,2.0955739681467187
2008,2.0973019681467187
2008,2.0229999681467183
2008,1.945316968146718
2008,1.836094968146718
2009,1.5943219681467187
2009,1.5140109681467186
2009,1.441180968146718
2009,1.3862659681467187
2009,1.3698129681467184
2009,1.3356289681467186
2009,1.3048359681467185
2009,1.2877269681467185
2009,1.2860429681467185
2009,1.2795869681467185
2009,1.2591179681467182
2009,1.2516849681467184
2009,1.2406609681467184
2009,1.2214659681467182
2009,1.2007749681467184
2009,1.1741279681467183
2009,1.1470479681467185
2009,1.1297859681467184
2009,1.1299629681467183
2009,1.1326619681467185
2009,1.1459279681467183
2009,1.1564409681467183
2009,1.1656349681467182
2009,1.1858439681467186
2009,1.2319179681467185
2009,1.3020829681467183
2009,1.3676319681467182
2009,1.4286829681467181
2009,1.5029289681467186
2009,1.5848839681467184
2009,1.6927609681467186
2009,1.8226569681467182
2009,1.9530279681467184
2009,2.076524968146718
2009,2.1909129681467188
2009,2.310925968146718
2009,2.4160739681467187
2009,2.5105279681467185
2009,2.5918949681467187
2009,2.662764968146718
2009,2.7115319681467187
2009,2.7448329681467185
2009,2.7541599681467184
2009,2.752810968146718
2009,2.7254449681467183
2009,2.6743569681467183
2009,2.6290099681467187
2009,2.579029968146718
2009,2.5111569681467185
2009,2.4337579681467187
2009,2.3541709681467187
2009,2.2520009681467186
2010,2.1410349681467182
2010,2.0355749681467183
2010,1.9746749681467182
2010,1.9233729681467184
2010,1.8713379681467184
2010,1.8195949681467183
2010,1.7724239681467187
2010,1.7251769681467182
2010,1.6921249681467185
2010,1.6711119681467186
2010,1.645449968146718
2010,1.605874968146718
2010,1.5504199681467186
2010,1.492922968146718
2010,1.4585649681467188
2010,1.4538839681467182
2010,1.460445968146718
2010,1.4889489681467185
2010,1.5095949681467187
2010,1.5368159681467186
2010,1.5658099681467186
2010,1.6017499681467187
2010,1.6517309681467185
2010,1.7045449681467182
2010,1.743615968146718
2010,1.7821759681467184
2010,1.7955349681467188
2010,1.823970968146718
2010,1.8587909681467187
2010,1.9007319681467183
2010,1.9383929681467182
2010,1.9794849681467181
2010,2.0171289681467184
2010,2.0576459681467187
2010,2.099953968146718
2010,2.1611039681467186
2010,2.2223149681467187
2010,2.293776968146718
2010,2.3803249681467187
2010,2.459454968146718
2010,2.515462968146718
2010,2.5485449681467185
2010,2.5721879681467184
2010,2.567928968146718
2010,2.552011968146718
2010,2.5138129681467185
2010,2.4591649681467183
2010,2.3839599681467187
2010,2.3116289681467186
2010,2.2413879681467184
2010,2.1862459681467183
2010,2.120624968146718
2011,2.0505859681467187
2011,1.968522968146718
2011,1.882320968146718
2011,1.7898459681467185
2011,1.6947159681467183
2011,1.613169968146718
2011,1.5408329681467188
2011,1.4467129681467186
2011,1.3519539681467188
2011,1.2800339681467183
2011,1.2357549681467184
2011,1.1982439681467185
2011,1.1645089681467184
2011,1.1227439681467182
2011,1.0782729681467185
2011,1.0446399681467184
2011,1.0424409681467184
2011,1.0466499681467183
2011,1.0621939681467185
2011,1.0776769681467182
2011,1.1172299681467184
2011,1.1784939681467184
2011,1.2523499681467185
2011,1.3161419681467184
2011,1.3676159681467186
2011,1.4126329681467182
2011,1.4755909681467183
2011,1.547282968146718
2011,1.6343649681467185
2011,1.732196968146718
2011,1.8288149681467183
2011,1.9266789681467187
2011,2.0259559681467185
2011,2.1327709681467186
2011,2.250866968146718
2011,2.3728119681467184
2011,2.492299968146718
2011,2.596312968146718
2011,2.676306968146718
2011,2.7288539681467188
2011,2.760270968146718
2011,2.784962968146718
2011,2.8043529681467185
2011,2.8152949681467185
2011,2.8069079681467186
2011,2.783061968146718
2011,2.761579968146718
2011,2.7324859681467184
2011,2.7233479681467183
2011,2.7190419681467186
2011,2.705726968146718
2011,2.701055968146718
2012,2.6814229681467183
2012,2.6517699681467186
2012,2.6199679681467187
2012,2.579136968146718
2012,2.5348469681467187
2012,2.469183968146718
2012,2.415002968146718
2012,2.3743649681467187
2012,2.317762968146718
2012,2.2747999681467186
2012,2.2364839681467186
2012,2.1926079681467185
2012,2.1578449681467187
2012,2.1336929681467187
2012,2.1240659681467187
2012,2.1213459681467186
2012,2.1062479681467186
2012,2.1089499681467188
2012,2.1223409681467182
2012,2.1530729681467187
2012,2.1992939681467187
2012,2.2401119681467185
2012,2.280959968146718
2012,2.340879968146718
2012,2.4049639681467183
2012,2.4985069681467187
2012,2.582294968146718
2012,2.653234968146718
2012,2.716501968146718
2012,2.773785968146718
2012,2.838731968146718
2012,2.919055968146718
2012,2.9964479681467187
2012,3.0711469681467185
2012,3.159886968146718
2012,3.2641299681467184
2012,3.3769759681467186
2012,3.490178968146718
2012,3.6033959681467187
2012,3.6997689681467185
2012,3.7763229681467183
2012,3.8250999681467186
2012,3.850511968146718
2012,3.852489968146718
2012,3.847391968146718
2012,3.821593968146718
2012,3.7834229681467186
2012,3.7546259681467187
2012,3.7346489681467188
2012,3.6948959681467186
2012,3.6355589681467184
2012,3.5764449681467183
2013,3.471070968146718
2013,3.3977599681467185
2013,3.334187968146718
2013,3.2456519681467184
2013,3.2304289681467186
2013,3.1751509681467183
2013,3.1281429681467183
2013,3.1000329681467185
2013,3.0541949681467186
2013,3.0202289681467183
2013,2.9845509681467184
2013,2.9401029681467183
2013,2.906670968146718
2013,2.8140039681467184
2013,2.7811599681467185
2013,2.7311029681467187
2013,2.6828529681467184
2013,2.658919968146718
2013,2.620128968146718
2013,2.5968889681467187
2013,2.584512968146718
2013,2.569053968146718
2013,2.5535709681467185
2013,2.5444829681467183
2013,2.5592639681467184
2013,2.595588968146718
2013,2.6427849681467186
2013,2.694071968146718
2013,2.7377979681467184
2013,2.792715968146718
2013,2.855113968146718
2013,2.8931589681467185
2013,3.0289349681467184
2013,3.1406119681467186
2013,3.240056968146718
2013,3.4438329681467184
2013,3.5655439681467187
2013,3.671069968146718
2013,3.7529009681467183
2013,3.7492929681467184
2013,3.749252968146718
2013,3.7600849681467188
2013,3.7585249681467183
2013,3.731402968146718
2013,3.688315968146718
2013,3.6297219681467188
2013,3.5734769681467182
2013,3.5166359681467187
2013,3.4588179681467186
2013,3.3957339681467187
2013,3.3390209681467184
2014,3.269554968146718
2014,3.2352179681467184
2014,3.219298968146718
2014,3.1890539681467183
2014,3.1567749681467183
2014,3.1254549681467183
2014,3.0893259681467184
2014,3.0580209681467188
2014,3.0227739681467187
2014,3.0018049681467187
2014,2.956195968146718
2014,2.8901399681467184
2014,2.832835968146718
2014,2.760847968146718
2014,2.6884119681467182
2014,2.6404079681467185
2014,2.6103209681467185
2014,2.5867159681467187
2014,2.5810359681467188
2014,2.587061968146718
2014,2.601707968146718
2014,2.637094968146718
2014,2.703464968146718
2014,2.7665209681467187
2014,2.8456619681467186
2014,2.9270319681467183
2014,3.008102968146718
2014,3.0971819681467188
2014,3.189707968146718
2014,3.3038129681467185
2014,3.4027019681467183
2014,3.4912419681467184
2014,3.5947789681467186
2014,3.6943819681467187
2014,3.794855968146718
2014,3.9011889681467182
2014,3.9964659681467185
2014,4.076376968146718
2014,4.124763968146718
2014,4.1692719681467185
2014,4.195955968146718
2014,4.210589968146719
2014,4.194597968146718
2014,4.175979968146718
2014,4.164096968146719
2014,4.155497968146719
2014,4.133080968146718
2014,4.096131968146718
2014,4.0590259681467185
2014,4.030705968146718
2014,4.018378968146719
2014,4.027174968146719
2015,4.025649968146718
2015,3.9975069681467184
2015,3.9411699681467183
2015,3.9003389681467184
2015,3.8849299681467184
2015,3.8651059681467186
2015,3.8296359681467185
2015,3.7963899681467184
2015,3.756864968146718
2015,3.7110979681467184
2015,3.668025968146718
2015,3.6337629681467187
2015,3.6075999681467183
2015,3.584397968146718
2015,3.5577539681467187
2015,3.5361549681467186
2015,3.5146699681467184
2015,3.497408968146718
2015,3.477754968146718
2015,3.4746009681467185
2015,3.4910279681467187
2015,3.5169839681467185
2015,3.557805968146718
2015,3.6226349681467185
2015,3.710973968146718
2015,3.810899968146718
2015,3.9057929681467187
2015,4.013881968146718
2015,4.110485968146719
2015,4.219929968146719
2015,4.344378968146719
2015,4.4628799681467175
2015,4.583544968146718
2015,4.688232968146718
2015,4.7819319681467185
2015,4.878326968146718
2015,4.980829968146718
2015,5.100302968146718
2015,5.1891859681467185
2015,5.238676968146718
2015,5.2559999681467175
2015,5.2549509681467175
2015,5.250956968146719
2015,5.2524349681467175
2015,5.228556968146718
2015,5.184950968146719
2015,5.110529968146718
2015,5.003846968146718
2015,4.902390968146719
2015,4.837256968146718
2015,4.804778968146719
2015,4.772411968146718
2016,4.7222649681467175
2016,4.684961968146718
2016,4.647555968146719
2016,4.613242968146718
2016,4.619141968146719
2016,4.627322968146718
2016,4.6189329681467175
2016,4.5822309681467175
2016,4.544406968146719
2016,4.4994229681467175
2016,4.443017968146718
2016,4.403444968146719
2016,4.365006968146718
2016,4.311715968146718
2016,4.262280968146719
2016,4.208503968146719
2016,4.1514039681467185
2016,4.100223968146718
2016,4.080914968146718
2016,4.093004968146719
2016,4.103967968146719
2016,4.131067968146718
2016,4.166638968146719
2016,4.201618968146718
2016,4.239130968146718
2016,4.271190968146719
2016,4.303249968146718
2016,4.321892968146718
2016,4.337667968146718
2016,4.359257968146718
2016,4.405230968146718
2016,4.478734968146718
2016,4.562124968146719
2016,4.648385968146718
2016,4.739424968146718
2016,4.822537968146719
2016,4.914183968146718
2016,5.017057968146718
2016,5.119732968146719
2016,5.1878889681467175
2016,5.224182968146719
2016,5.2657789681467175
2016,5.317580968146718
2016,5.359754968146719
2016,5.396132968146718
2016,5.411663968146719
2016,5.382193968146719
2016,5.338406968146719
2016,5.326471968146718
2016,5.249466968146718
2016,5.148010968146718
2016,5.036328968146718
2017,4.787355968146718
2017,4.657836968146718
2017,4.549570968146718
2017,4.453765968146719
2017,4.4321769681467185
2017,4.381785968146719
2017,4.336061968146719
2017,4.286194968146718
2017,4.271025968146718
2017,4.275685968146718
2017,4.279295968146718
2017,4.277770968146719
2017,4.267645968146718
2017,4.245163968146718
2017,4.208499968146718
2017,4.159833968146719
2017,4.115549968146718
2017,4.060930968146719
2017,4.021586968146718
2017,3.993939968146718
2017,3.9931409681467183
2017,3.9977319681467187
2017,4.024061968146718
2017,4.048803968146718
2017,4.099232968146719
2017,4.1671879681467185
2017,4.249194968146718
2017,4.3414449681467175
2017,4.447424968146718
2017,4.541678968146718
2017,4.636636968146718
2017,4.731230968146718
2017,4.843491968146719
2017,4.957367968146718
2017,5.049687968146719
2017,5.126576968146718
2017,5.1995169681467175
2017,5.263478968146718
2017,5.3300079681467185
2017,5.393253968146718
2017,5.443760968146719
2017,5.489394968146719
2017,5.530979968146719
2017,5.572985968146719
2017,5.60933396814672
2017,5.631530968146718
2017,5.625948968146719
2017,5.583221968146718
2017,5.518384968146719
2017,5.443916968146718
2017,5.3588119681467195
2017,5.265358968146719
2018,5.179071968146719
2018,5.083734968146718
2018,4.9762999681467175
2018,4.868582968146718
2018,4.7773239681467174
2018,4.707984968146718
2018,4.661653968146718
2018,4.621405968146718
2018,4.572609968146718
2018,4.513326968146718
2018,4.463383968146719
2018,4.413925968146719
2018,4.380756968146718
2018,4.353772968146718
2018,4.3146429681467175
2018,4.286438968146719
2018,4.2559559681467185
2018,4.240785968146719
2018,4.236014968146719
2018,4.243768968146718
2018,4.246146968146718
2018,4.251620968146719
2018,4.2787419681467185
2018,4.3325299681467175
2018,4.3743029681467185
2018,4.431590968146718
2018,4.488301968146718
2018,4.554137968146719
2018,4.6195819681467185
2018,4.703445968146719
2018,4.797736968146719
2018,4.895923968146718
2018,5.006797968146719
2018,5.119574968146718
2018,5.246630968146718
2018,5.3830399681467185
2018,5.493664968146719
2018,5.598461968146719
2018,5.7085469681467185
2018,5.806579968146719
2018,5.885935968146718
2018,5.926418968146718
2018,5.944044968146718
2018,5.930538968146719
2018,5.901941968146719
2018,5.871910968146718
2018,5.8272699681467195
2018,5.7620939681467185
2018,5.679740968146719
2018,5.594202968146719
2018,5.540178968146719
2018,5.5008609681467195
2019,5.463336968146718
2019,5.422569968146719
2019,5.383153968146718
2019,5.33402496814672
2019,5.301639968146718
2019,5.305517968146718
2019,5.293667968146718
2019,5.2640069681467185
2019,5.233233968146719
2019,5.141393968146719
2019,5.084232968146718
2019,5.052619968146718
2019,5.036248968146719
2019,5.041765968146718
2019,5.042623968146719
2019,5.020796968146719
2019,4.999757968146719
2019,4.973106968146718
2019,4.974443968146719
2019,5.0024929681467185
2019,5.030708968146719
2019,5.057219968146718
2019,5.085167968146719
2019,5.111738968146719
2019,5.140533968146718
2019,5.172246968146718
2019,5.240736968146718
2019,5.330802968146719
2019,5.423539968146718
2019,5.527357968146719
2019,5.625135968146719
2019,5.730398968146719
2019,5.845311968146719
2019,5.979737968146718
2019,6.099647968146719
2019,6.200499968146719
2019,6.2687289681467195
2019,6.3180369681467194
2019,6.352788968146719
2019,6.390748968146719
2019,6.416650968146719
2019,6.423392968146718
2019,6.411740968146718
2019,6.396519968146718
2019,6.372012968146718
2019,6.337299968146718
2019,6.281924968146718
2019,6.234237968146719
2019,6.15683796814672
2019,6.053456968146719
2019,5.946175968146719
2019,5.860898968146719
2020,5.812662968146718
2020,5.758139968146718
2020,5.67000396814672
2020,5.614184968146718
2020,5.449800968146718
2020,5.397359968146718
2020,5.339998968146718
2020,5.327921968146718
2020,5.311736968146718
2020,5.267889968146719
2020,5.237941968146718
2020,5.218383968146718
2020,5.213299968146718
2020,5.210149968146718
2020,5.227477968146719
2020,5.232435968146719
2020,5.238724968146718
2020,5.242988968146719
2020,5.278313968146719
2020,5.313170968146718
2020,5.350125968146719
2020,5.3800089681467185
2020,5.4256269681467195
2020,5.471418968146718
2020,5.523413968146718
2020,5.5676689681467195
2020,5.635822968146719
2020,5.6993149681467195
2020,5.769894968146719
2020,5.850776968146718
2020,5.947467968146718
2020,6.038067968146718
2020,6.126612968146718
2020,6.2300819681467186
2020,6.347820968146719
2020,6.473674968146719
2020,6.5938419681467195
2020,6.693451968146718
2020,6.759125968146719
2020,6.787886968146719
2020,6.789677968146719
2020,6.776405968146719
2020,6.748351968146718
2020,6.7018949681467195
2020,6.624809968146719
2020,6.556850968146719
2020,6.497362968146719
2020,6.438812968146719
2020,6.397645968146719
2020,6.3697799681467195
2021,6.330093968146718
2021,6.2782719681467185
2021,6.219467968146718
2021,6.130094968146718
2021,6.057581968146719
2021,5.9606889681467194
2021,5.871032968146718
2021,5.792618968146719
2021,5.727883968146719
2021,5.680001968146719
2021,5.674689968146719
2021,5.683794968146719
2021,5.688746968146718
2021,5.705826968146718
2021,5.710811968146718
2021,5.713728968146718
2021,5.721423968146718
2021,5.696202968146718
2021,5.661002968146718
2021,5.626061968146718
2021,5.614717968146719
2021,5.630582968146719
2021,5.663595968146719
2021,5.7025109681467185
2021,5.747783968146718
2021,5.801829968146718
2021,5.897116968146719
2021,6.013975968146719
2021,6.127075968146718
2021,6.195887968146719
2021,6.263115968146719
2021,6.351728968146718
2021,6.453367968146718
2021,6.568034968146719
2021,6.674398968146718
2021,6.768567968146719
2021,6.845653968146719
2021,6.926987968146719
2021,7.036120968146719
2021,7.129643968146718
2021,7.184076968146719
2021,7.191051968146718
2021,7.178417968146718
2021,7.183275968146718
2021,7.1796989681467185
2021,7.144172968146719
2021,7.075644968146719
2021,6.990362968146719
2021,6.921068968146718
2021,6.862349968146718
2021,6.816742968146718
2021,6.762320968146719
2022,6.69057296814672
2022,6.615428968146718
2022,6.554720968146718
2022,6.494605968146718
2022,6.427753968146719
2022,6.3314449681467195
2022,6.241124968146719
2022,6.167039968146719
2022,6.104855968146719
2022,6.0528889681467195
2022,5.998876968146719
2022,5.945280968146719
2022,5.913937968146719
2022,5.894583968146719
2022,5.889210968146719
2022,5.866505968146718
2022,5.83755196814672
2022,5.810724968146719
2022,5.782462968146719
2022,5.769352968146718
2022,5.792945968146718
2022,5.818419968146719
2022,5.854399968146719
2022,5.917437968146718
2022,5.99254396814672
2022,6.070214968146718
2022,6.14873696814672
2022,6.213222968146718
2022,6.281053968146718
2022,6.354036968146719
2022,6.438403968146719
2022,6.516234968146719
2022,6.588602968146718
2022,6.676774968146718
2022,6.7776559681467194
2022,6.891474968146719
2022,7.019225968146719
2022,7.126532968146719
2022,7.205442968146718
2022,7.261867968146719
2022,7.30452896814672
2022,7.313254968146719
2022,7.2935039681467195
2022,7.262626968146719
2022,7.21945896814672
2022,7.183272968146719
2022,7.176514968146719
2022,7.168259968146719
2022,7.129301968146718
2022,7.0908869681467195
2022,7.076600968146719
2022,7.065272968146719
2023,7.050997968146719
2023,7.013697968146719
2023,6.939790968146719
2023,6.833291968146719
2023,6.725481968146719
2023,6.652963968146718
2023,6.590558968146718
2023,6.509881968146718
2023,6.4065389681467195
2023,6.312891968146719
2023,6.24878396814672
2023,6.1968819681467195
2023,6.15306396814672
2023,6.132395968146719
2023,6.1186929681467195
2023,6.108770968146718
2023,6.127801968146718
2023,6.195004968146719
2023,6.250666968146719
2023,6.286503968146718
2023,6.326826968146719
2023,6.374594968146718
2023,6.419750968146719
2023,6.468452968146719
2023,6.526947968146718
2023,6.583606968146718
2023,6.634386968146719
2023,6.729800968146719
2023,6.8415419681467196
2023,6.953501968146719
2023,7.063256968146719
2023,7.1657069681467185
2023,7.271080968146718
2023,7.384060968146718
2023,7.505914968146719
2023,7.6488629681467195
2023,7.770555968146718
2023,7.898123968146718
2023,8.000624968146719
2023,8.07808896814672
2023,8.128054968146719
2023,8.160982968146719
2023,8.168874968146719
2023,8.141923968146719
2023,8.08638896814672
2023,8.015653968146719
2023,7.922923968146719
2023,7.848408968146719
2023,7.797607968146719
2023,7.758464968146718
2023,7.721721968146719
2023,7.698940968146719
2024,7.674879968146719
2024,7.628869968146718
2024,7.574465968146718
2024,7.526100968146718
2024,7.469692968146719
2024,7.402758968146719
2024,7.351258968146718
2024,7.32505296814672
2024,7.295221968146718
2024,7.2434389681467195
2024,7.193386968146719
2024,7.134503968146719
2024,7.065754968146718
2024,7.0095209681467185
2024,6.971342968146718
2024,6.936411968146718
2024,6.895561968146719
2024,6.859797968146719
2024,6.851171968146719
2024,6.865270968146719
2024,6.872524968146719
2024,6.887254968146719
2024,6.905904968146718
2024,6.939062968146718
2024,6.958352968146718
2024,6.964188968146718
2024,6.960145968146719
2024,6.96333996814672
2024,6.966297968146719
2024,7.003022968146718
2024,7.060589968146719
2024,7.134872968146718
2024,7.201830968146719
2024,7.280536968146718
2024,7.364337968146719
2024,7.460228968146719
2024,7.568940968146718
2024,7.680422968146718
2024,7.776933968146718
2024,7.8381929681467195
2024,7.8821579681467195
2024,7.938510968146719
2024,7.99940596814672
2024,8.041954968146719
2024,8.05268996814672
2024,8.038409968146718
2024,8.035912968146718
2024,8.037838968146719
2024,8.03718596814672
2024,8.05677696814672
2024,8.024784968146719
2024,7.964542968146718
2024,7.890119968146719
2025,7.716247968146719
2025,7.591841968146719
2025,7.477010968146718
2025,7.405453968146718
2025,7.389376968146719
2025,7.314481968146719
2025,7.2470409681467185
2025,7.191454968146719
2025,7.153674968146719
2025,7.117512968146718
2025,7.094544968146719
2025,7.047166968146719
2025,6.9866329681467185
2025,6.945738968146719
2025,6.905408968146718
2025,6.872801968146719
2025,6.849786968146718
2025,6.826422968146719
2025,6.815835968146718
2025,6.800734968146719
2025,6.803379968146718
2025,6.8066049681467184
2025,6.800616968146718
2025,6.823561968146718
2025,6.845261968146719
2025,6.8675359681467185
2025,6.915836968146719
2025,6.979542968146719
2025,7.057722968146718
2025,7.136061968146718
2025,7.22646096814672
2025,7.326636968146719
2025,7.418020968146719
2025,7.510305968146719
2025,7.60491196814672
2025,7.6966009681467185
2025,7.775745968146719
2025,7.861795968146719
2025,7.979644968146719
2025,8.08622796814672
2025,8.170589968146718
2025,8.218855968146718
2025,8.25213596814672
2025,8.286453968146718
2025,8.301161968146719
2025,8.295714968146719
2025,8.248782968146719
2025,8.163244968146719
2025,8.065720968146719
2025,7.965591968146718
2025,7.8652289681467185
2025,7.776856968146719
2026,7.684791968146719
2026,7.581006968146719
2026,7.497691968146718
2026,7.433907968146718
2026,7.378990968146718
2026,7.333429968146719
2026,7.2870279681467185
2026,7.244752968146718
2026,7.170220968146719
2026,7.11063696814672
2026,7.057337968146719
2026,7.003971968146718
2026,6.947495968146718
2026,6.915943968146719
2026,6.890325968146719
2026,6.874415968146719
2026,6.877350968146718
2026,6.927611968146719
2026,6.956740968146718
2026,6.994583968146719
2026,7.045285968146718
2026,7.107806968146718
2026,7.166073968146719
2026,7.210977968146718
2026,7.252725968146718
2026,7.295164968146718
2026,7.320300968146718
2026,7.3909139681467195
2026,7.483103968146718
2026,7.519316968146718
2026,7.5583209681467185
2026,7.570869968146718
2026,7.597267968146719
