GEO_PICT,TIME_PERIOD,POP_N,LVST_YIELD,CROP_YIELD,TRSM_ARR,LVST_YIELD_var,CROP_YIELD_var,TRSM_ARR_var,10M_N,20M_N,5M_N
ALL,1990,5817835.0,18035.8,71349.9,,1.5703424376533093,-7.443498944192839,,,,
ALL,1991,5969699.0,17207.2,70116.0,,-3.0959981595943447,-9.044138421651951,,,,
ALL,1992,6140134.0,18293.1,70861.2,,3.019352135543514,-8.077450247081458,,,,
ALL,1993,6319166.0,18650.7,73465.2,,5.0332109305903,-4.699489959129792,,,,
ALL,1994,6502334.0,18337.4,76787.8,,3.268831846451164,-0.3893475425598325,,,,
ALL,1995,6690232.0,18337.6,79302.8,1575000.0,3.269958165687754,2.8731601856269577,-4.759665130279373,,,
ALL,1996,6886244.0,18432.8,77224.2,1726000.0,3.806086122310944,0.1767591662197816,4.371313006436722,,,
ALL,1997,7092783.0,17753.0,75407.7,1692000.0,-0.022272962903826965,-2.179640550778771,2.315331174328449,,,
ALL,1998,7305085.0,16259.4,70043.8,1440000.0,-8.433625021857623,-9.137797689236464,-12.923122404826842,,,
ALL,1999,7520973.0,17446.0,80709.2,1593300.0,-1.751172991089959,4.697570073866288,-3.653063144174041,,,
ALL,2000,7739130.0,17018.8,77917.5,1286400.0,-4.156990880474723,1.0761216345903222,-22.211322681645314,,,
ALL,2001,7957559.0,15892.8,71479.1,1200500.0,-10.498168182551552,-7.27589814956788,-27.40570031041294,,,
ALL,2002,8178492.0,16425.7,73926.9,1358500.0,-7.497090576621929,-4.100563590102439,-17.851431796498105,,,
ALL,2003,8402919.0,16529.7,74212.09999999999,1359100.0,-6.9114045735882,-3.73059651094583,-17.815149764166776,,,
ALL,2004,8630676.0,16586.3,74554.1,1439900.0,-6.592656229629455,-3.2869473487033076,-12.929169410215408,,,
ALL,2005,8861120.0,17036.3,72825.2,1472200.0,-4.058437947271926,-5.52971061361869,-10.975986669712555,,,
ALL,2006,9094871.0,18260.899999999998,77676.3,989800.0,2.838014738450383,0.7632322254298174,-40.14674066409557,,,
ALL,2007,9331714.0,17906.2,74482.3,1787300.0,0.8404875723343537,-3.3800877283787827,8.078127309620115,,,
ALL,2008,9569761.0,17837.0,73035.0,2010600.0,0.4507811164695852,-5.2575539053190425,21.581090342260524,,,
ALL,2009,9809581.0,19055.4,72547.0,1934200.0,7.312317905857185,-5.890597154366816,16.961178225405476,,,
ALL,2010,10053546.0,17899.5,87805.8,2151000.0,0.8027558779081261,13.903419912375398,30.071085907789893,1462306.9300000002,2484247.5500000003,591185.55
ALL,2011,10296129.0,20614.8,89061.79999999999,2270600.0,16.094228993653473,15.532727946809814,37.303304352500106,1489134.0000000002,2530745.74,602018.09
ALL,2012,10533814.0,18858.8,89295.0,2480400.0,6.205146096276096,15.835239597789226,49.989921657685755,1514818.94,2575683.8000000003,612429.97
ALL,2013,10769847.0,19130.2,88377.2,2689000.0,7.733561300346835,14.64465129046124,62.60397489820875,1539925.39,2619872.7800000003,622677.98
ALL,2014,11003933.0,19217.100000000002,90577.1,2775700.0,8.222947008651005,17.498405068289543,67.84672857008479,1564498.3200000003,2663209.04,632673.13
ALL,2015,11233949.0,21246.1,93030.8,2897900.0,19.649455663991944,20.681393224413583,75.23616915489742,1588229.97,2704891.0400000005,642198.23
ALL,2016,11460218.0,20173.4,89798.1,3188200.0,13.608442438469908,16.487870865403863,92.79062579786878,1611305.06,2745275.92,651349.5
ALL,2017,11684408.0,20417.3,93524.9,3376100.0,14.981988747507671,21.322349514074432,104.15294892296117,1634061.2300000002,2785144.91,660226.3500000001
ALL,2018,11905699.0,20625.1,91867.1,3267300.0,16.152234434338553,19.171818574993708,97.57380706021473,1656106.11,2823894.77,668576.21
ALL,2019,12124252.0,20197.5,91464.7,3024600.0,13.744163906480594,18.649817338483814,82.89772498219494,1677538.3800000001,2861663.2,676646.1900000001
ALL,2020,12341038.0,20151.699999999997,85781.3,,13.486236801298418,11.27719848266797,,1699749.69,2900729.5900000003,685090.79
ALL,2021,12551674.0,20947.4,83147.0,,17.96729788412486,7.859932435605373,,1721686.35,2939374.14,693497.85
ALL,2022,12755816.0,22833.6,87799.6,,28.58961460453102,13.895377149785034,,1781650.09,3035382.35,701718.14
ALL,2023,12959208.0,22703.8,90937.4,,27.858633419975448,17.96579335237132,,1803737.21,3074108.6700000004,710146.09
MH,1990,44673.0,,,,,,,,,
MH,1991,45603.0,,2300.0,,,-20.9526919045246,,,,
MH,1992,46431.0,,2285.7,,,-21.444159950509516,,,,
MH,1993,47132.0,,2083.3,,,-28.400323062911355,,,,
MH,1994,47753.0,,2371.8,,,-18.48504115615279,,,,
MH,1995,48309.0,,3000.0,,,3.1051844723592126,,,,
MH,1996,48817.0,,2366.7,,,-18.660319969755818,,,,
MH,1997,49301.0,,2357.1,,,-18.990256560067365,,,,
MH,1998,49760.0,,2350.0,,,-19.234272163318607,,,,
MH,1999,50247.0,,2312.5,,,-20.5230869692231,,,,
MH,2000,50749.0,,580.0,,,-80.06633100201056,,,,
MH,2001,51168.0,,510.0,,,-82.47211863969893,,,,
MH,2002,51469.0,,1780.0,,,-38.82425721306687,,,,
MH,2003,51687.0,,4120.0,,,41.59778667537333,,,,
MH,2004,51837.0,,2550.0,,,-12.36059319849467,,,,
MH,2005,51955.0,,2937.5,,,0.9571597958517373,,,,
MH,2006,52037.0,,3625.0,,,24.585431237434037,,,,
MH,2007,52077.0,,3030.0,,,4.1362363170827905,,,,
MH,2008,52068.0,,3920.0,,,34.72410771054936,,,,
MH,2009,52059.0,,3580.0,,,23.03885347034867,,,,
MH,2010,52090.0,,5100.0,,,75.27881360301066,,50006.4,52090.0,31774.899999999998
MH,2011,51947.0,,4425.0,,,52.08014709672983,,49869.119999999995,51947.0,31687.67
MH,2012,51459.0,,5194.1,,,78.51287955596032,,49400.64,51459.0,31389.989999999998
MH,2013,50726.0,,5823.7,,,100.15122093722613,,48696.96,50726.0,30942.86
MH,2014,49834.0,,3934.9,,,35.236196793428746,,47840.64,49834.0,30398.739999999998
MH,2015,48843.0,,4249.7,,,46.05536748406166,,46889.28,48843.0,29794.23
MH,2016,47753.0,,5981.1,,,105.56080628254256,,45842.88,47753.0,29129.329999999998
MH,2017,46574.0,,6613.9,,,127.3091265272455,,44711.04,46574.0,28410.14
MH,2018,45325.0,,5755.7,,,97.81417008918598,,43512.0,45325.0,27648.25
MH,2019,44049.0,,6979.4,,,139.87077483546128,,42287.04,44049.0,26869.89
MH,2020,42745.0,,7163.6,,,146.20143316206415,,41035.2,42745.0,26074.45
MH,2021,41418.0,,6242.9,,,114.5584520474971,,39761.28,41418.0,25264.98
MH,2022,40123.0,,7968.9,,,173.87830151392774,,38518.08,40123.0,24475.03
MH,2023,38873.0,,6920.9,,,137.86022373825028,,37318.08,38873.0,23712.53
TO,1990,99733.0,991.9,6487.7,,-24.46752613824141,-7.156559625117239,,,,
TO,1991,99936.0,1005.0,6123.3,,-23.469970530227457,-12.371373761499513,,,,
TO,1992,100057.0,1019.3,6216.2,,-22.38103578254811,-11.041910991823585,,,,
TO,1993,100143.0,1380.2,6776.4,,5.101240471820972,-3.0250644517540053,,,,
TO,1994,100209.0,1261.8,6676.5,,-3.9148346418318596,-4.454702026464744,,,,
TO,1995,100264.0,1136.7,6521.0,33000.0,-13.441109951949798,-6.680013766880336,-34.6750247443088,,,
TO,1996,100314.0,1064.6,6669.0,31000.0,-18.93147326017926,-4.562032174716293,-38.63411415374463,,,
TO,1997,100709.0,1133.6,6532.3,29000.0,-13.677172729418757,-6.518303010181327,-42.593203563180474,,,
TO,1998,101431.0,1098.9,6450.0,35000.0,-16.319552851409895,-7.696072503661739,-30.71593533487298,,,
TO,1999,102077.0,1061.4,5946.8,44000.0,-19.175150965953648,-14.897209917019467,-12.900032992411738,,,
TO,2000,102713.0,1071.6,6014.6,43000.0,-18.398428278797766,-13.926945376825401,-14.879577697129648,,,
TO,2001,103325.0,1061.3,6060.4,38000.0,-19.18276589425912,-13.271515938169244,-24.777301220719224,,,
TO,2002,103913.0,1097.8,6114.4,45000.0,-16.403317062769858,-12.498738870758046,-10.920488287693829,,,
TO,2003,104502.0,1081.0,6069.9,51000.0,-17.682625018085446,-13.135564417050603,0.9567799406136714,,,
TO,2004,105109.0,1081.6,6052.8,51000.0,-17.63693544825277,-13.38027715506415,0.9567799406136714,,,
TO,2005,105707.0,1091.0,6247.6,60000.0,-16.92113218754045,-10.59255543781039,18.772682283074886,,,
TO,2006,106296.0,1236.4,6253.4,54000.0,-5.849026431416149,-10.509553456495865,6.895414054767414,,,
TO,2007,106768.0,1802.4,8927.7,65000.0,37.25146777743086,27.76151527272235,28.670405806664462,,,
TO,2008,107060.0,1761.4,8800.6,65000.0,34.12934717219639,25.9426270270193,28.670405806664462,,,
TO,2009,107248.0,1752.1,8503.1,74700.0,33.42115883978951,21.68519781304093,47.87198944242826,,,
TO,2010,107439.0,1730.2,8355.7,65000.0,31.75348954089597,19.57580263273701,28.670405806664462,60165.840000000004,83802.42,3223.17
TO,2011,107611.0,1716.2,8454.2,68400.0,30.687399578132982,20.98540524644079,35.40085780270539,60262.16,83936.58,3228.33
TO,2012,107504.0,1644.0,8329.3,57200.0,25.189421341598077,19.198000510891518,13.229957109864742,60202.240000000005,83853.12000000001,3225.12
TO,2013,107116.0,1645.2,8468.5,59700.0,25.28080048126347,21.190048062440397,18.17881887165953,59984.96000000001,83550.48,3213.48
TO,2014,106652.0,1308.8,8093.9,65800.0,-0.33581833827035723,15.829264924436018,30.2540415704388,59725.12,83188.56,3199.56
TO,2015,106133.0,1273.7,8094.6,72600.0,-3.0086581734832976,15.839282404939496,43.714945562520626,59434.48,82783.74,3183.99
TO,2016,105565.0,1124.5,7383.3,86700.0,-14.370131205214705,5.660091144761907,71.62652589904323,59116.40000000001,82340.7,3166.95
TO,2017,105391.0,1115.7,7094.8,86600.0,-15.040244896094308,1.531458108685385,71.42857142857144,59018.96000000001,82204.98,3161.73
TO,2018,105609.0,1089.6,7082.2,77300.0,-17.027741183816758,1.3511434596227758,53.018805674694846,59141.04000000001,82375.02,3168.27
TO,2019,105709.0,1072.6,7136.0,94000.0,-18.322278995743275,2.121058389747276,86.07720224348401,59197.04000000001,82453.02,3171.27
TO,2020,105742.0,1081.6,7195.5,,-17.63693544825277,2.972544232542944,,59215.520000000004,82478.76000000001,3172.2599999999998
TO,2021,105525.0,1085.4,7262.4,,-17.34756817264565,3.9299291549468336,,59094.00000000001,82309.5,3165.75
TO,2022,105081.0,1091.4,7325.1,,-16.89067247431865,4.827209194329839,,28371.870000000003,80912.37,3152.43
TO,2023,104635.0,1110.8,7486.8,,-15.413376383061362,7.141247190633379,,28251.45,80568.95,3139.0499999999997
NC,1990,176492.0,382.4,6083.9,,-12.011044638748274,-18.67933279599859,,,,
NC,1991,181269.0,365.6,6040.2,,-15.876668200644275,-19.263450410820482,,,,
NC,1992,186110.0,349.9,6671.2,,-19.48918545789232,-10.829166315795106,,,,
NC,1993,190890.0,381.4,6950.2,,-12.241141279337327,-7.099902825284673,,,,
NC,1994,195653.0,373.7,7882.1,,-14.012885411872986,5.356371894452479,,,,
NC,1995,200410.0,432.7,7951.4,122000.0,-0.43718361711920295,6.282672825966372,-39.42068965517242,,,
NC,1996,205072.0,415.1,8268.1,138000.0,-4.486884491486421,10.515854716448999,-31.47586206896551,,,
NC,1997,209591.0,433.3,9572.0,139000.0,-0.2991256327657652,27.944480756866724,-30.97931034482758,,,
NC,1998,214074.0,413.7,8324.5,127000.0,-4.8090197883111045,11.269727336036041,-36.93793103448275,,,
NC,1999,218553.0,406.4,8454.3,151000.0,-6.488725264611148,13.004703683950922,-25.02068965517242,,,
NC,2000,223126.0,436.9,7795.1,161000.0,0.5292222733547902,4.193483279132025,-20.055172413793102,,,
NC,2001,227730.0,440.7,7740.5,152000.0,1.403589507593182,3.4636704239998863,-24.524137931034474,,,
NC,2002,232266.0,437.6,7962.8,158000.0,0.6902899217671461,6.435051334180784,-21.544827586206893,,,
NC,2003,236695.0,438.1,8052.5,166000.0,0.8053382420616657,7.634029596183581,-17.57241379310345,,,
NC,2004,240872.0,449.8,7497.4,177000.0,3.49746893695351,0.21426556900674143,-12.110344827586204,,,
NC,2005,244413.0,471.4,7004.5,182000.0,8.467556373676928,-6.3740999308949995,-9.627586206896538,,,
NC,2006,247565.0,496.7,6945.8,219000.0,14.289001380579819,-7.158715582841097,8.744827586206895,,,
NC,2007,250744.0,477.8,6384.1,227000.0,9.94017487344685,-14.666698746352608,12.717241379310366,,,
NC,2008,253853.0,460.8,6074.5,256000.0,6.028531983433055,-18.80497823259644,27.117241379310357,,,
NC,2009,257271.0,437.4,6465.4,230000.0,0.6442705936493383,-13.579999385139345,14.206896551724128,,,
NC,2010,261598.0,427.4,6315.6,282000.0,-1.6566958122411535,-15.582306449219857,40.02758620689656,49703.62,117719.1,31391.76
NC,2011,266561.0,417.4,6806.9,348000.0,-3.957662218131631,-9.015327406611362,72.80000000000001,50646.590000000004,119952.45,31987.32
NC,2012,271657.0,443.7,7179.7,390000.0,2.093879429360328,-4.032282857284159,93.65517241379311,51614.83,122245.65000000001,32598.84
NC,2013,276850.0,409.8,6345.3,494000.0,-5.706396686608372,-15.18532033571391,145.29655172413794,52601.5,124582.5,33222.0
NC,2014,281250.0,412.6,6456.5,529000.0,-5.0621260929590335,-13.698961553833058,162.67586206896556,53437.5,126562.5,33750.0
NC,2015,283193.0,527.5,5500.3,558000.0,21.375977910722497,-26.480043093711444,177.07586206896553,53806.67,127436.85,33983.159999999996
NC,2016,283442.0,530.7,5276.7,625000.0,22.112287160607465,-29.46880050044311,210.34482758620692,53853.98,127548.90000000001,34013.04
NC,2017,283569.0,523.0,5332.6,626000.0,20.340543028071778,-28.72161114876019,210.84137931034485,53878.11,127606.05,34028.28
NC,2018,283565.0,542.2,5341.5,576000.0,24.7583985273815,-28.602648980066476,186.01379310344828,53877.35,127604.25,34027.799999999996
NC,2019,283619.0,531.3,5301.0,474000.0,22.250345144960875,-29.143993680301875,135.36551724137934,53887.61,127628.55,34034.28
NC,2020,284200.0,544.3,5340.3,,25.2416014726185,-28.618688823036422,,53998.0,127890.0,34104.0
NC,2021,285233.0,523.0,5531.2,,20.340543028071778,-26.067017137235553,,54194.270000000004,128354.85,34227.96
NC,2022,287138.0,475.5,5334.0,,9.410952600092031,-28.7028979986286,,89012.78,160797.28000000003,34456.56
NC,2023,289892.0,485.4,5101.6,,11.68890934192359,-31.809280920473114,,89866.52,162339.52000000002,34787.04
VU,1990,148095.0,1936.3,5322.4,,31.264787032831435,27.29162107639671,,,,
VU,1991,151824.0,1445.6,4245.4,,-2.0005287741253284,1.5338659472671452,,,,
VU,1992,155641.0,1439.5,4188.7,,-2.4140572567469576,0.17781700035752124,,,,
VU,1993,159495.0,1370.2,4130.2,,-7.112011985546843,-1.221281119469836,,,,
VU,1994,163347.0,1358.3,4178.1,,-7.918731484431689,-0.07569479571372995,,,,
VU,1995,167167.0,1426.9,4374.2,82000.0,-3.2682308438014758,4.614273431605014,-43.85057252634381,,,
VU,1996,170944.0,1521.6,4606.3,103000.0,3.151629370013069,10.165225117279093,-29.470841100163568,,,
VU,1997,174657.0,1796.6,5397.7,81000.0,21.794306865250704,29.092511476789895,-44.5353216418762,,,
VU,1998,178346.0,1898.0,5664.0,78000.0,28.668370494403803,35.46139744790153,-46.58956898847338,,,
VU,1999,182080.0,1442.4,4454.4,96000.0,-2.2174617486153636,6.532353247163215,-34.264084908890325,,,
VU,2000,186327.0,1344.2,4038.0,106000.0,-8.874592403278399,-3.426355421146482,-27.416593753566403,,,
VU,2001,191063.0,1553.4,4386.5,106000.0,5.307400804007841,4.90844277987641,-27.416593753566403,,,
VU,2002,195898.0,1407.8,3835.8,99000.0,-4.563049535288911,-8.262212512242101,-32.209837562293146,,,
VU,2003,200774.0,1347.5,3899.9,102000.0,-8.65088027333556,-6.729183632226139,-30.155590215695966,,,
VU,2004,205742.0,1473.5,4237.3,99000.0,-0.10914440279030657,1.3401446691372172,-32.209837562293146,,,
VU,2005,210789.0,1421.1,3385.3,126000.0,-3.661421860064678,-19.03646384527171,-13.721611442918544,,,
VU,2006,215952.0,1339.3,3248.2,154000.0,-9.206771020466292,-22.315375849174842,5.451363791988456,,,
VU,2007,221310.0,1290.5,3429.4,167000.0,-12.514998881439354,-17.98175910878645,14.35310229390953,,,
VU,2008,226928.0,1264.0,3437.0,196600.0,-14.311475076434988,-17.799995934244777,34.62167611366837,,,
VU,2009,232764.0,1328.2,3391.9,225500.0,-9.95925727572859,-18.87861687790658,54.41092555255452,,,
VU,2010,238279.0,1684.3,4593.1,237700.0,14.18131529174093,9.84953118254883,62.76486476204971,28593.48,73866.49,9531.16
VU,2011,243502.0,1640.4,4411.5,248900.0,11.205266047955746,5.506347959289812,70.4340548560125,29220.239999999998,75485.62,9740.08
VU,2012,248922.0,1594.0,4526.5,321000.0,8.059737917850171,8.256711784591488,119.80446608589799,29870.64,77165.81999999999,9956.880000000001
VU,2013,254504.0,1684.3,4826.9,357000.0,14.18131529174093,15.441140420422997,144.45543424506414,30540.48,78896.24,10180.16
VU,2014,260262.0,2092.4,5871.7,329000.0,41.84704869467362,40.42879367846811,125.28245901015711,31231.44,80681.22,10410.48
VU,2015,266126.0,2049.0,5405.4,287000.0,38.90489522815247,29.276666272049226,96.52299615779665,31935.12,82499.06,10645.04
VU,2016,272115.0,2024.3,5242.7,351600.0,37.2304438313075,25.385499364426778,140.7577890211892,32653.8,84355.65,10884.6
VU,2017,278540.0,1808.0,4507.3,332700.0,22.56713058687147,7.79752060680201,127.81603073762699,33424.799999999996,86347.4,11141.6
VU,2018,285296.0,1975.1,4709.8,350200.0,33.89509934852316,12.640552560050608,139.79914025944385,34235.52,88441.76,11411.84
VU,2019,292007.0,2008.9,4695.4,256000.0,36.18645389157419,12.296159176708471,75.29577357629248,35040.84,90522.17,11680.28
VU,2020,298880.0,2115.0,4717.2,,43.379137827009515,12.81753249315696,,35865.6,92652.8,11955.2
VU,2021,305897.0,2138.7,4758.0,,44.98579766932633,13.79331374595965,,36707.64,94828.06999999999,12235.880000000001
VU,2022,313075.0,3281.7,6030.7,,122.47154449498677,44.23147061953739,,37569.0,97053.25,12523.0
VU,2023,320438.0,3286.7,6067.1,,122.8105022676275,45.10202056076332,,38452.56,99335.78,12817.52
FJ,1990,773331.0,6713.5,30045.6,,25.99431538271699,6.6666477324870215,,,,
FJ,1991,779673.0,5858.4,28470.4,,9.946391187623334,1.0744377746824512,,,,
FJ,1992,785364.0,6676.5,27892.9,,25.299925024608626,-0.9757788648757924,,,,
FJ,1993,790388.0,6677.0,29022.0,,25.30930867809657,3.032705304345342,,,,
FJ,1994,794788.0,6951.8,31322.1,,30.466564635074434,11.198425291614484,,,,
FJ,1995,798763.0,6751.0,32533.1,476000.0,26.698089394313328,15.497667456991167,-13.850739912700945,,,
FJ,1996,803805.0,6221.2,30019.5,534000.0,16.75517015848051,6.573988590855052,-3.353561162567871,,,
FJ,1997,812154.0,5158.5,26948.7,547000.0,-3.1888469648103666,-4.327838693570001,-1.000745235813909,,,
FJ,1998,822272.0,3769.0,21523.4,499000.0,-29.266020007825972,-23.588514597631217,-9.688065580751626,,,
FJ,1999,831840.0,5391.2,33565.2,544000.0,1.1783053684820004,19.161786233940177,-1.5437027573725146,,,
FJ,2000,840927.0,5353.0,33321.0,434000.0,0.4613942420025552,18.294837483498426,-21.45214521452145,,,
FJ,2001,849608.0,4513.9,26141.1,446000.0,-15.286253041476698,-7.194946846136645,-19.28031512828703,,,
FJ,2002,858072.0,5018.0,27630.7,461000.0,-5.8256535949245745,-1.906630471615486,-16.565527520493987,,,
FJ,2003,866300.0,4918.8,25464.6,451000.0,-7.687370446934025,-9.596629195333449,-18.375385925689343,,,
FJ,2004,874374.0,4497.7,26354.1,513000.0,-15.590283414486294,-6.438763046611271,-7.154263813478124,,,
FJ,2005,882391.0,5010.0,26139.0,547000.0,-5.975792050731783,-7.202402179371404,-1.000745235813909,,,
FJ,2006,890374.0,5520.2,28790.4,,3.599287968373318,2.2104885533121177,,,,
FJ,2007,897846.0,4688.6,24149.4,542000.0,-12.007604512786628,-14.265797895501422,-1.9056744384115802,,,
FJ,2008,903421.0,4446.1,21949.6,627000.0,-16.558676454442818,-22.075436966843824,13.478122005748958,,,
FJ,2009,907250.0,5186.1,21572.8,605000.0,-2.670869292275455,-23.413136758680267,9.496433514319165,,,
FJ,2010,910430.0,4059.7,31560.6,692000.0,-23.810363869931308,12.04513813756192,25.242201639518782,254920.40000000002,446110.7,81938.7
FJ,2011,913011.0,7077.4,33370.7,734000.0,32.82373839124767,18.471280370054345,32.84360694133929,255643.08000000002,447375.39,82170.98999999999
FJ,2012,914934.0,5359.1,31977.1,741000.0,0.5758748145555614,13.523779229122084,34.110507824976054,256181.52000000002,448317.66,82344.06
FJ,2013,916364.0,5509.3,30994.8,769000.0,3.3947243223360033,10.036458354597329,39.17811135952306,256581.92,449018.36,82472.76
FJ,2014,917601.0,5459.8,33982.4,781000.0,2.465742627028874,20.642912436578655,41.34994144575748,256928.28000000003,449624.49,82584.09
FJ,2015,918594.0,8029.7,38954.8,869000.0,50.69584482439899,38.29572147301056,57.276695411476624,257206.32000000004,450111.06,82673.45999999999
FJ,2016,919176.0,6110.8,32766.6,963000.0,14.683259468340964,16.326629509522505,74.289364420313,257369.28000000003,450396.24,82725.84
FJ,2017,918778.0,6512.5,37019.1,1027000.0,22.222086680560736,31.423679309905964,85.87245821356328,257257.84000000003,450201.22,82690.02
FJ,2018,917190.0,6846.4,38894.3,1058000.0,28.488490479814345,38.08093687267589,91.48301926966889,256813.2,449423.1,82547.09999999999
FJ,2019,914903.0,6680.4,39657.2,969000.0,25.373117521814635,40.78935293210267,75.37527946343022,256172.84000000003,448302.47,82341.27
FJ,2020,914977.0,6859.4,33526.1,,28.73246547050107,19.022975029426377,,256193.56000000003,448338.73,82347.93
FJ,2021,916724.0,7196.2,30787.5,,35.05329445998481,9.300510459566283,,256682.72000000003,449194.76,82505.16
FJ,2022,919430.0,7822.3,32757.3,,46.803505357596976,16.293613033768594,,257440.40000000002,450520.7,82748.7
FJ,2023,924158.0,7555.2,36765.5,,41.79075766433357,30.523359067841938,,258764.24000000002,452837.42,83174.22
AS,1990,46690.0,,,,,,,,,
AS,1991,47924.0,,,,,,,,,
AS,1992,49082.0,,,,,,,,,
AS,1993,50204.0,,,,,,,,,
AS,1994,51292.0,,,,,,,,,
AS,1995,52358.0,,,,,,,,,
AS,1996,53400.0,,,,,,,,,
AS,1997,54406.0,,,,,,,,,
AS,1998,55379.0,,,,,,,,,
AS,1999,56291.0,,,,,,,,,
AS,2000,56896.0,,,,,,,,,
AS,2001,57097.0,,,,,,,,,
AS,2002,57105.0,,,,,,,,,
AS,2003,57013.0,,,,,,,,,
AS,2004,56866.0,,,,,,,,,
AS,2005,56665.0,,,,,,,,,
AS,2006,56420.0,,,,,,,,,
AS,2007,56159.0,,,,,,,,,
AS,2008,55875.0,,,,,,,,,
AS,2009,55576.0,,,,,,,,,
AS,2010,55275.0,,,40300.0,,,-8.270106221547806,12713.25,23215.5,6080.25
AS,2011,54944.0,,,41300.0,,,-5.993930197268597,12637.12,23076.48,6043.84
AS,2012,54542.0,,,50200.0,,,14.264036418816374,12544.66,22907.64,5999.62
AS,2013,54058.0,,,49300.0,,,12.215477996965092,12433.34,22704.36,5946.38
AS,2014,53511.0,,,51600.0,,,17.45068285280729,12307.53,22474.62,5886.21
AS,2015,52922.0,,,47100.0,,,7.207890743550834,12172.060000000001,22227.239999999998,5821.42
AS,2016,52292.0,,,38300.0,,,-12.822458270106225,12027.16,21962.64,5752.12
AS,2017,51632.0,,,42300.0,,,-3.7177541729893875,11875.36,21685.44,5679.52
AS,2018,50955.0,,,51800.0,,,17.90591805766313,11719.65,21401.1,5605.05
AS,2019,50253.0,,,58600.0,,,33.383915022761755,11558.19,21106.26,5527.83
AS,2020,49806.0,,,,,,,11455.380000000001,20918.52,5478.66
AS,2021,49271.0,,,,,,,11332.33,20693.82,5419.81
AS,2022,48386.0,,,,,,,12096.5,20322.12,5322.46
AS,2023,47566.0,,,,,,,11891.5,19977.719999999998,5232.26
NU,1990,2525.0,2129.8,1310.9,,-26.89615877036718,-12.495243943955288,,,,
NU,1991,2494.0,2634.7,1261.5,,-9.565832243537614,-15.792776134945157,,,,
NU,1992,2462.0,2799.7,1324.7,,-3.902326842612908,-11.574070983719267,,,,
NU,1993,2418.0,2950.7,1380.6,,1.2806387061121,-7.842652978125486,,,,
NU,1994,2382.0,2824.4,1420.6,,-3.0545172462320522,-5.172586426716691,,,,
NU,1995,2341.0,2883.9,1469.7,,-1.0122228743834683,-1.895079734862378,,,,
NU,1996,2305.0,2996.7,1622.0,,2.859555363339595,8.271198659626606,,,,
NU,1997,2265.0,3042.2,1522.0,,4.421309882988524,1.5960322811046126,,,,
NU,1998,2215.0,3085.5,1557.9,,5.907550997291807,3.992417010994018,,,,
NU,1999,2149.0,3117.0,1584.6,,6.9887656647410665,5.774686434059362,,,,
NU,2000,2087.0,2982.0,1543.1,,2.35498851852995,3.0044923869727285,,,,
NU,2001,2033.0,2807.4,1563.0,,-3.6380299239030904,4.332850496298633,,,,
NU,2002,1986.0,2828.7,1566.5,,-2.906922863056465,4.566481319546895,,,,
NU,2003,1949.0,2881.7,1578.8,,-1.0877362797291283,5.3875267841051055,,,,
NU,2004,1911.0,2876.8,1570.5,,-1.2559252279990005,4.83348797468777,,,,
NU,2005,1872.0,2713.8,1544.7,,-6.85078207860947,3.1112950490290956,,,,
NU,2006,1844.0,2715.9,1522.0,,-6.778701100779514,1.5960322811046126,,,,
NU,2007,1828.0,2642.9,1583.5,,-9.28437318724923,5.701259603895622,,,,
NU,2008,1821.0,2813.5,1489.4,,-3.428651845444662,-0.5800719582935443,,,,
NU,2009,1818.0,3209.9,1427.6,,10.177490826837456,-4.705324780220138,,,,
NU,2010,1809.0,2956.6,1363.8,,1.483151929539119,-8.96408092971717,,18.09,54.269999999999996,18.09
NU,2011,1797.0,2923.9,1356.7,,0.3607481319013175,-9.438017742592237,,17.97,53.91,17.97
NU,2012,1797.0,3014.3,1294.8,,3.4636626061049185,-13.56994573089733,,17.97,53.91,17.97
NU,2013,1801.0,2920.3,1343.4,,0.2371807413356919,-10.325814870935645,,18.01,54.03,18.01
NU,2014,1811.0,2895.9,1356.9,,-0.6003315724980212,-9.42466740983518,,18.11,54.33,18.11
NU,2015,1825.0,2765.5,1322.7,,-5.076217052986394,-11.707574311289704,,18.25,54.75,18.25
NU,2016,1822.0,2804.2,1344.6,,-3.747867604405883,-10.245712874393405,,18.22,54.66,18.22
NU,2017,1825.0,2795.9,1357.2,,-4.032759088209957,-9.404641910699624,,18.25,54.75,18.25
NU,2018,1830.0,2807.7,1366.9,,-3.627732641355962,-8.757150771982978,,18.3,54.9,18.3
NU,2019,1835.0,2793.5,1371.2,,-4.115137348587055,-8.470118617706532,,18.35,55.05,18.35
NU,2020,1841.0,2772.1,1374.8,,-4.849676836949413,-8.229812628079756,,18.41,55.23,18.41
NU,2021,1857.0,3138.8,1301.2,,7.737034863166286,-13.142735082671933,,18.57,55.71,18.57
NU,2022,1869.0,3133.8,1299.2,,7.565413487380667,-13.276238410242371,,18.69,56.07,18.69
NU,2023,1865.0,3110.3,1303.3,,6.758793021188353,-13.002556588722967,,18.650000000000002,55.949999999999996,18.650000000000002
PG,1990,3896496.0,1949.6,6616.4,,19.64259413815111,-21.42481357928952,,,,
PG,1991,4021849.0,2036.9,7082.0,,25.0,-15.895431015133354,,,,
PG,1992,4166711.0,2013.9,7531.8,,23.58854141096765,-10.55368643318009,,,,
PG,1993,4320883.0,1899.9,7626.3,,16.592616230546426,-9.43142128646025,,,,
PG,1994,4480221.0,1691.5,7489.3,,3.80357405861848,-11.058408853662556,,,,
PG,1995,4644283.0,1601.1,7641.6,,-1.7440718739260603,-9.249721215086566,,,,
PG,1996,4813363.0,1669.9,7843.6,,2.4780303402228867,-6.8508052400875386,,,,
PG,1997,4987896.0,1571.8,7733.4,,-3.542147380823806,-8.159520786844439,,,,
PG,1998,5166406.0,1575.1,7639.6,,-3.3396337571800387,-9.27347285840338,,,,
PG,1999,5349346.0,1667.0,7951.2,,2.3000638224753374,-5.5729668296425245,,,,
PG,2000,5537072.0,1726.8,8175.4,,5.969856153959441,-2.910407613826777,,,,
PG,2001,5728451.0,1492.1,8470.5,,-8.433158230644608,0.5941473575703071,,,,
PG,2002,5924010.0,1433.9,8368.4,,-12.004762138543853,-0.6183740337534545,,,,
PG,2003,6124014.0,1456.8,8395.8,,-10.599440325985569,-0.2929765203130046,,,,
PG,2004,6328053.0,1485.9,8761.4,,-8.813638372035925,4.048823878002068,,,,
PG,2005,6535917.0,1494.5,8341.3,,-8.285875595267328,-0.9402088006963965,,,,
PG,2006,6747730.0,1534.5,8448.2,,-5.831165005645829,0.3293165345877469,,,,
PG,2007,6963353.0,1677.4,8776.2,,2.938288575776909,4.224586038546562,,,,
PG,2008,7183008.0,1736.7,9019.8,120000.0,6.577397024890772,7.117536194535461,-18.032786885245898,,,
PG,2009,7406451.0,1711.5,8945.9,126000.0,5.030929353429229,6.239912973978903,-13.934426229508205,,,
PG,2010,7633526.0,1701.5,9504.4,146000.0,4.417251706023848,12.872559370201415,-0.2732240437158424,763352.6000000001,1297699.4200000002,305341.04
PG,2011,7859351.0,1737.0,9356.6,165000.0,6.595807354312939,11.117312929088286,12.704918032786878,785935.1000000001,1336089.6700000002,314374.04
PG,2012,8081399.0,1725.5,9920.5,175000.0,5.89007805979675,17.814088762266238,19.535519125683052,808139.9,1373837.83,323255.96
PG,2013,8302710.0,1812.2,9789.5,182000.0,11.210663262801319,16.2583561250144,24.316939890710373,830271.0,1411460.7000000002,332108.4
PG,2014,8523447.0,1962.3,10352.6,191000.0,20.42196475035594,22.945631300865642,30.464480874316934,852344.7000000001,1448985.99,340937.88
PG,2015,8743260.0,1972.1,10348.7,199000.0,21.02336884481319,22.89931559639784,35.92896174863387,874326.0,1486354.2000000002,349730.4
PG,2016,8961730.0,2005.3,10685.2,198000.0,23.060778634199025,26.895529584453143,35.245901639344254,896173.0,1523494.1,358469.2
PG,2017,9178719.0,2013.0,9926.5,182000.0,23.533310422701163,17.885343692216708,24.316939890710373,917871.9,1560382.2300000002,367148.76
PG,2018,9394523.0,2028.7,9957.5,195000.0,24.496784329127607,18.25349416362745,33.196721311475414,939452.3,1597068.9100000001,375780.92
PG,2019,9609025.0,2042.5,9960.4,211000.0,25.343659482546997,18.287934046436845,44.12568306010928,960902.5,1633534.2500000002,384361.0
PG,2020,9815754.0,1978.9,10417.7,,21.440669645048843,23.71874729082822,,981575.4,1668678.1800000002,392630.16000000003
PG,2021,10012911.0,2056.4,10626.4,,26.19667141244048,26.19723127093856,,1001291.1000000001,1702194.87,400516.44
PG,2022,10203180.0,2093.2,10720.1,,28.455005154892234,27.309995760331688,,1020318.0,1734540.6,408127.2
PG,2023,10389650.0,2111.4,10541.8,,29.571898473170023,25.19253675863699,,1038965.0,1766240.5000000002,415586.0
WS,1990,169073.0,615.2,6323.2,,-20.422207274796904,4.2403700638643755,,,,
WS,1991,169395.0,509.4,5113.0,,-34.10772494437833,-15.710239730431013,,,,
WS,1992,170356.0,594.2,5359.9,,-23.138614373674145,-11.639998813052472,,,,
WS,1993,171805.0,592.0,5882.6,,-23.423190355461273,-3.0230894266054236,,,,
WS,1994,173193.0,584.4,5948.5,,-24.40627101981684,-1.9367027256931237,,,,
WS,1995,174613.0,705.6,6417.3,,-8.728721477725472,5.791644548778606,,,,
WS,1996,176103.0,736.7,6397.9,,-4.705851917007294,5.471828129997135,,,,
WS,1997,177585.0,712.3,5907.2,,-7.86205826046465,-2.6175490192845956,,,,
WS,1998,178939.0,748.2,5977.9,,-3.218295648574525,-1.452032482797506,,,,
WS,1999,180310.0,680.1,5698.6,,-12.027215812076378,-6.0563997903059175,,,,
WS,2000,181717.0,707.1,6069.2,,-8.534692399234231,0.05308293136477005,,,,
WS,2001,183200.0,671.0,6055.9,,-13.204325554923173,-0.16617265470706855,,,,
WS,2002,184496.0,722.1,6060.6,,-6.594401614321939,-0.08869135737340628,,,,
WS,2003,185469.0,740.0,6004.4,,-4.278987944326602,-1.0151698488949847,,,,
WS,2004,186281.0,736.0,6006.2,,-4.79639882030321,-0.9854961605544332,,,,
WS,2005,187016.0,754.5,6029.4,,-2.40337351891138,-0.6030352886095898,,,,
WS,2006,187742.0,754.3,6106.2,116000.0,-2.429244062710211,0.6630420805871324,-7.936507936507937,,,
WS,2007,188777.0,791.2,6123.7,122000.0,2.3438712681740554,0.9515362727869245,-3.1746031746031775,,,
WS,2008,190139.0,860.7,6087.3,122000.0,11.333885238267698,0.35146835301138424,-3.1746031746031775,,,
WS,2009,191544.0,1037.0,6077.0,129000.0,34.138769596936925,0.18166891417381237,2.3809523809523796,,,
WS,2010,193058.0,951.5,6108.4,130000.0,23.079112122936806,0.6993099218922652,3.1746031746031917,28958.7,79153.78,9652.9
WS,2011,194745.0,988.9,6240.5,128000.0,27.916903813318157,2.87702893844029,1.5873015873015817,29211.75,79845.45,9737.25
WS,2012,196534.0,988.0,6120.8,135000.0,27.80048636622341,0.903728663793828,7.142857142857139,29480.1,80578.94,9826.7
WS,2013,198302.0,1007.8,6153.5,125000.0,30.361670202307636,1.4428006686471235,-0.7936507936507837,29745.3,81303.81999999999,9915.1
WS,2014,200073.0,1016.3,6055.8,132000.0,31.461168313757923,-0.16782119294819609,4.761904761904773,30010.949999999997,82029.93,10003.650000000001
WS,2015,201818.0,582.7,4321.9,139000.0,-24.6261706421069,-28.751825756102065,10.31746031746033,30272.699999999997,82745.37999999999,10090.900000000001
WS,2016,203531.0,580.5,4566.5,146000.0,-24.910746623894042,-24.719501218269755,15.873015873015888,30529.649999999998,83447.70999999999,10176.550000000001
WS,2017,205440.0,700.4,5140.0,158000.0,-9.401355616495067,-15.265134405322783,25.396825396825392,30816.0,84230.4,10272.0
WS,2018,207617.0,796.7,4880.3,172000.0,3.0553112226419046,-19.546388217567483,36.507936507936506,31142.55,85122.97,10380.85
WS,2019,209812.0,979.0,4550.9,181000.0,26.636311895276023,-24.97667318388784,43.650793650793645,31471.8,86022.92,10490.6
WS,2020,211975.0,778.8,4356.7,,0.7398975526465392,-28.178134448184792,,31796.25,86909.75,10598.75
WS,2021,213808.0,856.5,4398.6,,10.790603818492258,-27.487396925146456,,32071.199999999997,87661.28,10690.400000000001
WS,2022,215295.0,905.3,4305.0,,17.103016505406927,-29.030428718854978,,27988.350000000002,79659.15,10764.75
WS,2023,216699.0,981.2,4407.8,,26.920887877063166,-27.335731406961443,,28170.870000000003,80178.63,10834.95
KI,1990,74896.0,1625.0,2013.0,,-31.05803640559934,-61.075010369362,,,,
KI,1991,76408.0,1908.5,3349.8,,-19.030315372360832,-35.22556867128108,,,,
KI,1992,77685.0,1962.4,3326.3,,-16.743563472214234,-35.67998360238887,,,,
KI,1993,78881.0,1964.6,3577.0,,-16.650226659963366,-30.83224644371974,,,,
KI,1994,80056.0,1972.1,3586.3,,-16.33203298183537,-30.652414151834535,,,,
KI,1995,81272.0,1979.4,3595.7,,-16.02232446845744,-30.470648179391418,,,,
KI,1996,82661.0,2298.7,3513.1,,-2.475758944954592,-32.06786832022138,,,,
KI,1997,84182.0,2298.3,3510.4,,-2.492729274454746,-32.12007769528482,,,,
KI,1998,85701.0,2426.9,4365.6,,2.9632316598467554,-15.583241564076857,,,,
KI,1999,87170.0,2430.7,4370.6,20300.0,3.1244497900982537,-15.486557536181579,-59.84615384615385,,,
KI,2000,88655.0,2016.6,4163.1,13400.0,-14.444083824942538,-19.498944693835526,-73.49450549450549,,,
KI,2001,90370.0,1973.6,4174.6,14500.0,-16.268394246209766,-19.276571429676395,-71.31868131868131,,,
KI,2002,92304.0,1792.5,4196.6,119500.0,-23.951710927407277,-18.851161706937177,136.37362637362637,,,
KI,2003,94214.0,1838.2,4296.2,130100.0,-22.01285078201397,-16.925215871263305,157.34065934065933,,,
KI,2004,96126.0,2348.8,5174.6,63900.0,-0.35022517505952067,0.060234149378743496,26.395604395604394,,,
KI,2005,98076.0,2290.1,5131.6,50200.0,-2.8406210292080374,-0.7712484905206196,-0.7032967032967008,,,
KI,2006,100065.0,2736.8,5955.2,10800.0,16.110994440095823,15.154544584389186,-78.63736263736264,,,
KI,2007,102104.0,2785.3,5898.3,32300.0,18.16864689199025,14.054280346940956,-36.10989010989011,,,
KI,2008,104263.0,2799.9,5918.1,,18.788063918746104,14.437149097406248,,,,
KI,2009,106505.0,2831.1,5982.8,,20.111749619758584,15.688240418371109,,,,
KI,2010,108736.0,2779.1,8652.8,,17.905606784737756,67.31751131444835,,83726.72,108736.0,26096.64
KI,2011,110683.0,2794.7,8644.3,,18.56744963524399,67.15314846702637,,85225.91,110683.0,26563.92
KI,2012,112323.0,2783.7,8722.8,,18.100765573989605,68.67108770498217,,86488.71,112323.0,26957.52
KI,2013,113875.0,2830.2,8796.2,,20.07356637838322,70.09040923448487,,87683.75,113875.0,27330.0
KI,2014,115359.0,2666.3,8573.9,8300.0,13.119973865692614,65.79183735426088,-83.58241758241758,88826.43000000001,115359.0,27686.16
KI,2015,116849.0,2642.6,8571.2,8200.0,12.114481842808104,65.73962797919745,-83.78021978021978,89973.73,116849.0,28043.76
KI,2016,118514.0,3555.8,10444.1,7600.0,50.857744091673766,101.95553114820984,-84.96703296703296,91255.78,118514.0,28443.36
KI,2017,120303.0,3487.2,10358.6,7500.0,47.947332582396285,100.3022342712006,-85.16483516483517,92633.31,120303.0,28872.719999999998
KI,2018,122119.0,3093.9,7956.6,9000.0,31.261256101363813,53.855227270310166,-82.19780219780219,94031.63,122119.0,29308.559999999998
KI,2019,123960.0,2640.2,6061.5,12000.0,12.012659865807152,17.210047017442747,-76.26373626373626,95449.2,123960.0,29750.399999999998
KI,2020,126132.0,2592.6,6027.9,,9.993190655288075,16.5603303499865,,97121.64,126132.0,30271.68
KI,2021,128411.0,2549.2,6626.8,,8.151909904520707,28.14114321128264,,98876.47,128411.0,30818.64
KI,2022,130498.0,2692.5,6621.9,,14.23153044795309,28.046392863945243,,96568.52,129193.02,31319.52
KI,2023,132559.0,2602.9,6417.2,,10.430176639917207,24.08814876191265,,98093.66,131233.41,31814.16
MP,1990,43387.0,,,,,,,,,
MP,1991,44444.0,,,,,,,,,
MP,1992,45222.0,,,,,,,,,
MP,1993,45997.0,,,,,,,,,
MP,1994,46774.0,,,,,,,,,
MP,1995,48220.0,,,676000.0,,,39.11055218932205,,,
MP,1996,51748.0,,,736000.0,,,51.457642620326965,,,
MP,1997,56639.0,,,695000.0,,,43.02046415914026,,,
MP,1998,61378.0,,,490000.0,,,0.8345718532068105,,,
MP,1999,65956.0,,,502000.0,,,3.303989939407785,,,
MP,2000,68395.0,,,529000.0,,,8.860180633360002,,,
MP,2001,68025.0,,,444000.0,,,-8.631530810563632,,,
MP,2002,66825.0,,,476000.0,,,-2.046415914027662,,,
MP,2003,65464.0,,,459000.0,,,-5.544758202812389,,,
MP,2004,63980.0,,,536000.0,,,10.300674516977253,,,
MP,2005,62398.0,,,507000.0,,,4.332914141991552,,,
MP,2006,60731.0,,,436000.0,,,-10.27780953469761,,,
MP,2007,58989.0,,,389000.0,,,-19.949697038984795,,,
MP,2008,57189.0,,,397000.0,,,-18.303418314850802,,,
MP,2009,55373.0,,,354000.0,,,-27.15216645707099,,,
MP,2010,54142.0,,,379000.0,,,-22.00754544415227,14618.34,21115.38,1624.26
MP,2011,53658.0,,,341000.0,,,-29.82736938378872,14487.660000000002,20926.62,1609.74
MP,2012,53277.0,,,401000.0,,,-17.480278952783806,14384.79,20778.030000000002,1598.31
MP,2013,52801.0,,,439000.0,,,-9.660455013147356,14256.27,20592.39,1584.03
MP,2014,52219.0,,,460000.0,,,-5.338973362295647,14099.130000000001,20365.41,1566.57
MP,2015,51558.0,,,479000.0,,,-1.429061392477422,13920.660000000002,20107.62,1546.74
MP,2016,50817.0,,,531000.0,,,9.271750314393515,13720.59,19818.63,1524.51
MP,2017,50007.0,,,660000.0,,,35.817994741054065,13501.890000000001,19502.73,1500.21
MP,2018,49123.0,,,518000.0,,,6.59654738767577,13263.210000000001,19157.97,1473.69
MP,2019,48178.0,,,487000.0,,,0.2172173316565562,13008.060000000001,18789.420000000002,1445.34
MP,2020,47573.0,,,,,,,12844.710000000001,18553.47,1427.19
MP,2021,47032.0,,,,,,,12698.640000000001,18342.48,1410.96
MP,2022,46130.0,,,,,,,12916.400000000001,19835.9,1383.8999999999999
MP,2023,45193.0,,,,,,,12654.04,19432.989999999998,1355.79
GU,1990,138645.0,,,,,,,,,
GU,1991,141101.0,,,,,,,,,
GU,1992,143424.0,,,,,,,,,
GU,1993,145682.0,,,,,,,,,
GU,1994,147896.0,,,,,,,,,
GU,1995,150082.0,,,,,,,,,
GU,1996,152196.0,,,,,,,,,
GU,1997,154246.0,,,,,,,,,
GU,1998,156266.0,,,,,,,,,
GU,1999,158322.0,,,,,,,,,
GU,2000,160100.0,,,,,,,,,
GU,2001,161365.0,,,,,,,,,
GU,2002,162347.0,,,,,,,,,
GU,2003,163166.0,,,,,,,,,
GU,2004,163840.0,,,,,,,,,
GU,2005,164393.0,,,,,,,,,
GU,2006,164875.0,,,,,,,,,
GU,2007,165301.0,,,,,,,,,
GU,2008,165733.0,,,,,,,,,
GU,2009,166214.0,,,,,,,,,
GU,2010,166559.0,,,,,,,9993.539999999999,18321.49,3331.1800000000003
GU,2011,166567.0,,,,,,,9994.02,18322.37,3331.34
GU,2012,166360.0,,,,,,,9981.6,18299.6,3327.2000000000003
GU,2013,165990.0,,,,,,,9959.4,18258.9,3319.8
GU,2014,165509.0,,,,,,,9930.539999999999,18205.99,3310.1800000000003
GU,2015,164934.0,,,,,,,9896.039999999999,18142.74,3298.6800000000003
GU,2016,164259.0,,,,,,,9855.539999999999,18068.49,3285.1800000000003
GU,2017,163521.0,,,,,,,9811.26,17987.31,3270.42
GU,2018,162709.0,,,,,,,9762.539999999999,17897.99,3254.1800000000003
GU,2019,161839.0,,,,,,,9710.34,17802.29,3236.78
GU,2020,162185.0,,,,,,,9731.1,17840.35,3243.7000000000003
GU,2021,163760.0,,,,,,,9825.6,18013.6,3275.2000000000003
GU,2022,165205.0,,,,,,,6608.2,14868.449999999999,3304.1
GU,2023,166536.0,,,,,,,6661.4400000000005,14988.24,3330.7200000000003
PF,1990,203799.0,1692.1,7146.8,,10.408952253560173,15.194976217301843,,,,
PF,1991,207779.0,1443.1,6130.4,,-5.8382134642676675,-1.1877648454487257,,,,
PF,1992,211589.0,1437.7,6063.8,,-6.19056163646151,-2.261250239761168,,,,
PF,1993,215248.0,1434.7,6036.6,,-6.3863106210136635,-2.6996707011019936,,,,
PF,1994,218770.0,1319.4,5912.5,,-13.909596593967663,-4.699964055969517,,,,
PF,1995,222150.0,1420.3,5798.8,186000.0,-7.325905746863953,-6.532626057971427,-9.589041095890423,,,
PF,1996,225516.0,1508.3,5918.0,184000.0,-1.5839355333344258,-4.611312859742512,-10.561201944321695,,,
PF,1997,229152.0,1606.4,5926.9,201000.0,4.817056261520648,-4.467859105847921,-2.2978347326557724,,,
PF,1998,232918.0,1244.1,6190.9,211000.0,-18.822896106226466,-0.2126016869516576,2.562969509500661,,,
PF,1999,236632.0,1249.8,6371.0,236000.0,-18.450973035577377,2.690322029499896,14.714980114891745,,,
PF,2000,240366.0,1380.6,6218.0,,-9.916317309103974,0.22420693445776863,,,,
PF,2001,244124.0,1379.4,6376.6,,-9.994616902924818,2.780585065658329,,,,
PF,2002,247801.0,1687.3,6411.1,,10.095753878276753,3.336669841991352,,,,
PF,2003,251672.0,1827.6,6330.0,,19.250281389165295,2.029467657625858,,,,
PF,2004,255685.0,1636.2,6349.8,,6.761496174738596,2.3486119640431014,,,,
PF,2005,259528.0,1789.9,6064.3,,16.790369149960043,-2.25319104010417,,,,
PF,2006,263240.0,1926.8,6781.9,,25.723047811689483,9.313372307622885,,,,
PF,2007,266458.0,1750.1,6180.0,243000.0,14.193432621568263,-0.38829223947428204,18.117543084401234,,,
PF,2008,268403.0,1693.9,6338.7,227000.0,10.526401644291482,2.1696977316576778,10.34025629695094,,,
PF,2009,269508.0,1562.1,6600.5,190000.0,1.926496256300652,6.389494672063108,-7.644719399027849,,,
PF,2010,270605.0,1609.2,6251.4,179000.0,4.999755313769299,0.7625614715453821,-12.991604065399926,105535.95,162363.0,81181.5
PF,2011,271752.0,1318.9,5995.4,196000.0,-13.942221424726355,-3.363748752838845,-4.728236853733975,105983.28,163051.19999999998,81525.59999999999
PF,2012,273106.0,1306.5,6029.4,210000.0,-14.751317227541875,-2.8157231761628196,2.0768890852850035,106511.34,163863.6,81931.8
PF,2013,274750.0,1311.1,5835.4,214000.0,-14.451168784561943,-5.942692643078999,4.021210782147591,107152.5,164850.0,82425.0
PF,2014,276405.0,1402.7,5898.5,228000.0,-8.47429978956984,-4.925621646365528,10.826336721166598,107797.95,165843.0,82921.5
PF,2015,277894.0,1403.3,6261.5,239000.0,-8.435149992659419,0.9253573046167958,16.173221387538646,108378.66,166736.4,83368.2
PF,2016,279202.0,1437.3,6107.3,241000.0,-6.216661501068472,-1.5600998696021406,17.145382235969947,108888.78,167521.19999999998,83760.59999999999
PF,2017,280109.0,1461.6,6174.9,254000.0,-4.63109472619611,-0.47049607597567444,23.46442775077331,109242.51000000001,168065.4,84032.7
PF,2018,279838.0,1444.8,5922.3,260000.0,-5.727289039688117,-4.542003742692302,26.38091029606717,109136.82,167902.8,83951.4
PF,2019,279063.0,1449.1,5751.7,282000.0,-5.4467154951633745,-7.291802665660867,37.07467962881131,108834.57,167437.8,83718.9
PF,2020,279228.0,1429.0,5661.5,,-6.758233691662724,-8.74568228378375,,108898.92,167536.8,83768.4
PF,2021,279827.0,1403.2,5612.0,,-8.441674958811149,-9.543543049826795,,109132.53,167896.19999999998,83948.09999999999
PF,2022,280406.0,1337.9,5437.4,,-12.70247785589612,-12.357815570051372,,154223.30000000002,207500.44,84121.8
PF,2023,281144.0,1459.9,5925.4,,-4.742019150775661,-4.492036704818915,,154629.2,208046.56,84343.2
